unitid,DVADM01,DVADM02,DVADM03,DVADM04,DVADM05,DVADM06,DVADM07,DVADM08,DVADM09,DVADM10,DVADM11,DVADM12
100654,66,65,67,19,23,17,19,23,17,0,0,0
100663,88,84,91,22,21,22,21,20,22,0,0,0
100706,74,80,69,26,32,19,26,32,19,0,0,0
100724,96,94,96,19,21,18,18,20,17,1,1,1
100751,76,75,77,19,20,18,19,20,18,0,0,0
100830,93,93,92,20,25,18,20,24,18,0,0,0
100858,50,52,49,24,28,22,24,28,22,0,0,0
100937,52,51,53,7,10,5,7,10,5,0,0,0
101189,66,67,65,20,25,16,19,24,14,1,1,2
101365,94,93,95,69,69,69,16,8,17,53,62,52
101435,71,72,69,17,20,14,17,20,14,0,0,0
101453,100,100,100,100,100,100,83,100,67,17,0,33
101480,76,74,77,20,23,18,20,23,18,0,0,0
101587,87,80,92,18,20,17,17,19,16,0,0,0
101648,59,61,55,48,51,42,48,51,42,0,0,0
101693,73,72,74,23,28,20,23,28,20,0,0,0
101709,54,54,56,15,21,12,15,21,12,0,0,0
101879,96,97,96,26,28,25,26,27,25,1,1,1
101912,51,49,52,24,27,22,24,27,22,0,0,0
102049,82,80,83,29,29,29,29,29,29,0,0,0
102094,65,65,66,23,23,23,23,23,23,0,0,0
102234,59,38,73,18,35,13,18,35,12,1,0,1
102270,74,77,73,11,16,8,9,13,8,2,3,1
102298,99,99,99,2,4,2,2,4,2,0,0,0
102368,93,92,93,23,25,22,20,21,19,4,4,4
102377,31,30,32,23,26,22,23,26,22,0,0,0
102395,35,40,17,69,74,25,19,21,0,50,53,25
102553,67,65,67,46,48,44,30,33,28,16,15,16
102632,63,66,61,74,73,74,45,43,46,30,31,29
102669,86,86,86,4,4,4,3,2,3,1,1,0
104151,90,89,91,23,23,22,23,23,22,0,0,0
104179,86,83,88,19,18,20,18,17,19,1,1,1
104586,75,76,74,29,30,25,28,30,25,0,0,1
104717,60,63,59,29,30,29,24,26,24,5,4,5
105330,91,90,92,16,17,15,16,17,15,0,0,0
105589,99,98,99,17,21,15,17,21,15,0,0,0
105899,74,72,78,40,39,42,40,39,42,0,0,0
106245,58,59,57,23,28,19,21,27,18,1,1,1
106342,66,100,100,14,100,100,14,100,100,0,0,0
106397,72,68,74,31,33,30,31,33,30,0,0,0
106412,58,57,58,19,22,17,18,21,16,1,1,1
106458,70,67,73,30,24,35,27,22,32,3,2,3
106467,96,96,97,31,35,28,29,33,26,2,2,2
106546,100,100,100,60,100,50,60,100,50,0,0,0
106704,90,89,91,29,31,28,29,31,28,0,0,0
106713,46,39,56,74,93,57,73,91,56,1,1,1
107044,100,100,100,39,44,36,39,43,36,0,0,0
107071,82,79,84,21,28,16,19,26,15,1,2,1
107080,53,50,56,20,21,19,20,21,19,0,0,0
107141,68,68,68,37,40,35,36,39,34,1,1,1
107512,69,65,71,32,35,30,32,34,30,0,0,0
107558,58,57,59,17,17,17,17,17,17,0,0,0
107585,100,100,100,52,54,51,42,42,43,10,12,8
107877,59,55,61,21,32,16,21,32,16,0,0,0
107983,67,68,66,41,44,38,40,42,38,1,2,0
108092,81,81,82,41,48,37,37,41,35,4,7,2
108852,90,82,92,40,59,34,40,59,34,0,0,0
108861,63,62,64,59,50,67,0,0,0,59,50,67
109651,75,69,78,32,39,29,32,39,29,0,0,0
109785,79,80,79,14,13,14,13,12,14,0,0,0
110097,60,57,62,31,34,29,31,34,29,0,1,0
110361,74,75,73,22,24,21,22,23,20,0,0,0
110370,73,67,76,7,8,7,7,8,6,0,0,0
110404,3,3,4,65,67,62,65,67,62,0,0,0
110413,89,88,90,12,13,11,12,13,11,0,0,0
110422,30,24,35,28,31,26,28,31,26,0,0,0
110468,0,,0,,,,,,,,,
110486,88,87,89,10,9,10,9,9,10,0,0,0
110495,97,97,98,20,20,20,19,19,19,1,1,1
110510,98,98,98,18,18,18,17,17,17,1,1,1
110529,74,68,80,13,15,11,12,15,10,0,0,0
110538,94,93,94,10,11,10,10,11,10,0,0,0
110547,91,89,93,10,10,10,9,9,9,1,1,1
110556,96,96,97,19,19,19,18,17,18,1,1,1
110565,87,86,88,17,18,16,16,16,15,1,1,1
110574,97,97,97,8,8,7,8,8,7,0,0,0
110583,47,42,50,15,16,15,15,16,14,0,0,0
110592,92,91,93,12,14,11,11,13,10,1,1,0
110608,93,92,94,20,21,19,20,21,19,0,0,0
110617,94,93,94,16,17,15,16,16,15,0,1,0
110635,12,9,14,45,49,43,45,49,43,0,0,0
110644,42,36,46,17,16,17,16,16,17,0,0,0
110653,26,23,28,22,22,22,22,22,22,0,0,0
110662,9,7,10,52,48,54,52,47,54,0,0,0
110671,63,60,66,14,14,14,14,14,13,0,0,0
110680,25,21,28,22,23,21,22,23,21,0,0,0
110705,28,25,30,16,16,17,16,16,17,0,0,0
110714,63,59,66,10,11,10,10,11,10,0,0,0
111081,26,24,27,34,43,30,34,43,29,0,0,0
111188,99,99,98,15,18,8,15,18,8,0,0,0
111638,36,44,32,100,100,100,100,100,100,0,0,0
111948,56,54,56,20,21,20,20,21,20,0,0,0
111966,39,27,42,2,3,2,1,2,1,1,2,1
112075,60,50,68,11,12,10,11,12,10,0,0,0
112084,63,61,64,4,9,2,4,9,2,0,0,0
112260,11,10,12,50,55,45,50,55,45,0,0,0
112394,51,52,49,35,39,24,31,33,24,4,6,0
113582,88,,88,29,,29,14,,14,14,,14
113698,96,97,95,13,14,13,13,14,13,0,0,0
114354,42,43,41,28,38,27,24,31,23,4,6,4
114813,58,56,58,24,26,23,23,26,22,0,0,1
115409,13,9,21,36,42,31,36,42,31,0,0,0
115755,99,99,99,7,7,7,7,7,7,0,0,0
117104,94,96,93,28,24,31,27,24,29,1,0,2
117140,48,46,50,14,16,13,14,15,13,0,0,0
117168,78,75,79,65,51,70,64,51,69,1,0,1
117283,68,63,71,90,90,90,20,20,20,70,70,70
117627,93,91,94,12,13,12,12,13,12,0,0,0
117751,76,73,79,47,48,46,46,48,45,1,1,1
117946,40,43,38,16,17,16,16,17,16,0,0,0
118198,82,82,82,19,19,19,15,15,15,4,4,4
118693,68,64,71,9,11,7,8,10,7,0,0,0
118888,17,17,17,17,20,15,17,20,15,0,0,0
119173,69,60,69,19,30,19,19,30,18,0,0,0
119270,71,73,69,47,53,37,40,45,32,6,7,4
119775,100,100,100,40,67,29,40,67,29,0,0,0
120166,69,69,75,26,27,25,26,27,25,0,0,0
120254,40,37,42,20,24,17,20,24,17,0,0,0
120403,84,80,85,11,13,11,11,13,11,0,0,0
120537,35,36,35,30,37,27,29,35,26,1,2,1
120661,94,94,94,65,53,67,65,53,67,0,0,0
120768,10,17,8,67,100,50,0,0,0,67,100,50
120838,100,100,,100,100,,100,100,,0,0,
120865,42,39,45,25,25,25,19,22,17,6,2,8
120883,95,94,95,14,16,13,14,16,13,0,0,0
121150,50,52,49,12,12,11,12,12,11,0,0,0
121257,17,18,15,48,47,49,48,47,49,0,0,0
121309,82,90,78,26,22,29,26,22,29,0,0,0
121345,7,8,6,50,50,49,50,50,49,0,0,0
121691,81,78,84,17,16,17,16,16,17,0,0,0
122409,34,32,37,22,23,21,21,22,21,0,0,0
122436,47,49,46,17,18,16,17,18,16,0,0,0
122506,52,51,53,24,32,16,24,32,16,0,0,0
122597,96,96,96,10,11,10,10,11,9,0,1,0
122612,51,49,51,9,8,9,9,8,9,0,0,0
122728,77,74,79,35,40,32,35,39,32,1,1,0
122755,80,74,87,16,17,15,15,16,14,1,1,0
122931,44,40,47,19,20,18,19,20,18,0,0,0
123165,34,,34,26,,26,26,,26,0,,0
123280,100,100,100,50,0,100,50,0,100,0,0,0
123457,99,99,99,19,21,15,18,21,15,0,0,0
123554,89,88,89,13,14,13,13,14,13,0,0,0
123572,95,94,95,9,8,10,9,8,10,0,0,0
123651,65,63,65,23,25,22,22,24,21,0,0,0
123679,96,99,95,41,40,42,34,34,34,7,6,8
123952,83,80,85,7,9,5,7,9,5,0,0,0
123961,10,11,9,45,44,46,45,44,46,0,0,0
124292,79,75,82,69,70,68,69,70,68,0,0,0
124706,98,100,98,54,54,54,54,54,54,0,0,0
124937,99,100,99,66,63,68,55,49,58,11,14,10
125727,80,77,82,18,21,16,18,21,16,0,0,0
125763,85,84,87,6,5,7,6,5,7,0,0,0
125897,73,65,78,11,12,10,11,12,10,0,1,0
126076,62,62,,92,92,,92,92,,0,0,
126359,59,55,60,33,33,33,33,33,33,0,0,0
126562,78,73,81,14,16,14,13,14,13,1,1,1
126580,97,96,97,14,17,12,13,16,11,1,1,1
126614,83,79,87,16,17,15,16,17,15,0,0,0
126678,20,20,20,34,34,35,34,34,35,0,0,0
126687,100,100,100,66,63,66,66,63,66,0,0,0
126775,60,56,66,25,25,23,25,25,23,0,0,0
126784,77,77,,70,70,,70,70,,0,0,
126818,90,89,92,16,17,16,16,17,15,0,0,0
127060,71,70,72,11,11,10,11,11,10,0,0,0
127185,93,91,95,21,23,18,20,23,18,0,0,0
127556,81,81,82,21,24,19,19,22,17,2,2,2
127565,99,99,99,17,19,16,12,14,11,5,5,5
127653,94,83,99,26,20,28,26,20,28,0,0,0
127741,86,86,87,14,12,15,14,12,15,0,0,0
127918,87,85,89,11,11,12,11,11,12,0,0,0
127954,80,,80,100,,100,100,,100,0,,0
128106,100,100,100,37,37,37,33,33,33,4,4,3
128328,14,14,13,79,81,75,79,81,75,0,0,0
128391,97,98,97,13,14,13,13,14,13,0,0,0
128498,64,58,72,12,12,12,11,11,11,0,0,0
128586,79,79,,92,92,,92,92,,0,0,
128744,64,57,71,6,5,7,6,5,7,0,0,1
128771,76,73,78,23,25,21,23,25,21,0,0,0
128902,38,32,43,15,18,14,15,18,14,0,0,0
129020,54,48,59,17,18,16,17,18,16,0,0,0
129215,81,74,85,14,16,14,14,16,14,0,0,0
129242,45,47,44,21,21,20,21,21,20,0,0,0
129525,83,83,83,11,12,10,11,12,10,0,0,0
129774,73,74,73,9,11,6,9,11,6,0,0,0
129941,81,73,86,12,11,12,12,11,12,0,0,0
130110,62,56,64,72,67,74,56,67,52,16,0,22
130226,77,76,78,11,12,11,11,12,11,0,0,0
130253,68,64,70,20,23,18,20,23,18,0,0,0
130314,80,72,84,12,15,11,12,15,11,0,0,0
130493,81,77,84,18,18,18,18,17,18,0,0,0
130590,34,30,36,27,28,26,27,28,26,0,0,0
130624,24,20,34,66,71,59,66,71,59,0,0,0
130697,17,18,16,32,35,29,32,35,29,0,0,0
130776,81,82,81,16,19,14,16,18,13,0,1,0
130794,5,5,4,70,70,71,70,70,71,0,0,0
130934,62,57,64,30,33,29,28,30,27,3,3,2
130943,65,60,68,19,18,19,18,18,19,0,0,0
130989,77,76,77,15,17,14,15,17,13,0,0,1
131159,47,52,45,22,23,21,22,23,21,0,0,0
131283,84,81,86,17,19,16,17,19,16,0,0,0
131450,61,63,59,58,61,63,58,61,63,0,0,0
131469,44,45,43,22,22,21,21,22,21,0,0,0
131496,13,13,13,48,47,49,48,46,49,0,0,0
131520,35,32,36,21,20,22,21,19,22,0,0,0
131876,99,100,99,23,0,24,20,0,20,4,0,4
132408,64,80,49,29,32,25,20,20,20,9,12,5
132471,59,51,65,8,9,8,8,9,8,0,0,0
132602,100,100,100,10,14,9,10,14,9,0,0,0
132657,74,74,74,13,15,11,12,15,11,0,0,1
132842,100,100,100,59,67,58,31,50,27,28,17,30
132879,23,20,29,33,42,23,32,39,23,2,3,0
132903,40,41,38,34,38,31,30,32,29,4,6,3
133492,79,74,81,15,14,15,15,14,15,0,0,0
133526,85,85,86,4,5,3,4,5,3,0,0,0
133553,66,66,69,28,28,30,28,28,30,0,0,0
133650,21,22,21,29,30,28,26,27,26,3,3,2
133669,73,72,75,22,23,21,18,18,17,4,5,3
133711,78,74,80,15,15,15,15,15,15,0,0,0
133809,66,69,64,96,95,98,96,95,98,0,0,0
133845,96,100,96,61,54,62,45,54,44,16,0,17
133854,99,100,99,52,63,50,52,63,50,0,0,0
133863,99,100,98,58,76,55,58,76,55,0,0,0
133881,63,63,62,9,10,8,9,10,7,0,0,0
133951,59,57,60,35,38,33,23,23,23,12,16,10
133979,74,68,78,5,7,4,4,6,4,0,0,0
134079,59,58,59,10,10,10,10,10,10,0,0,0
134097,25,27,24,31,30,32,31,30,32,0,1,0
134130,24,24,24,43,41,44,43,41,44,0,0,0
134945,57,57,57,15,18,13,15,17,13,0,0,0
135081,97,97,98,60,62,60,38,43,37,22,20,23
135364,34,38,29,75,75,75,8,13,0,67,63,75
135726,19,22,16,26,24,28,26,24,28,0,0,0
136172,62,60,63,21,23,20,20,22,18,1,1,1
136215,73,69,74,16,17,16,16,16,16,0,0,0
136330,88,88,88,10,12,9,10,12,9,0,0,0
136774,67,60,70,25,24,25,25,24,25,0,0,0
136950,41,39,41,16,16,16,16,16,16,0,0,0
137032,72,70,73,11,13,11,11,12,10,0,0,0
137272,100,100,,100,100,,100,100,,0,0,
137351,41,40,42,22,22,21,21,22,21,0,1,0
137476,99,99,100,12,17,9,12,17,9,0,0,0
137546,86,85,88,9,10,9,9,10,9,0,0,0
137564,74,78,72,50,50,50,45,45,46,4,5,4
137847,41,47,38,17,17,17,17,17,17,0,0,0
137953,63,61,65,82,84,78,75,77,73,7,7,6
137962,96,98,95,41,23,59,41,23,59,0,0,0
138275,48,48,48,33,33,32,33,33,32,0,0,0
138293,78,80,73,18,20,14,17,19,13,1,1,1
138354,57,57,57,27,30,25,23,24,22,4,5,3
138558,77,79,76,55,55,55,45,50,43,10,5,13
138600,67,,68,19,,19,19,,19,0,,0
138761,51,51,52,27,36,22,27,36,21,0,0,0
138868,68,63,72,49,49,50,12,14,10,38,35,40
138947,65,55,68,6,6,6,6,6,6,0,0,0
139144,62,56,65,14,17,13,14,17,13,0,0,0
139199,87,77,89,9,5,9,8,4,9,0,1,0
139205,86,84,90,28,31,22,22,22,22,6,9,0
139250,99,98,99,28,30,28,24,25,23,5,5,5
139311,71,68,72,40,52,35,35,46,31,5,6,4
139366,99,99,99,31,39,27,29,35,25,2,4,1
139393,82,78,85,40,41,39,40,41,39,0,0,0
139630,53,54,52,83,78,90,81,77,88,2,1,2
139658,11,13,10,40,40,40,40,40,40,0,0,0
139719,63,48,59,23,39,37,22,35,35,2,3,2
139755,16,13,23,44,45,42,44,45,42,0,0,0
139764,77,77,77,34,37,32,33,36,31,1,1,1
139861,88,85,89,33,36,32,33,36,32,0,0,0
139931,90,89,90,37,41,34,36,40,33,1,1,1
139940,62,62,62,24,28,22,23,27,21,1,1,1
139959,37,34,39,38,39,38,38,39,37,0,0,0
139968,87,86,87,40,47,35,33,38,31,6,9,4
140234,63,58,69,20,24,16,20,24,16,0,0,0
140252,94,94,93,54,57,52,53,57,50,2,1,3
140340,94,94,94,69,69,69,44,56,40,25,13,29
140447,66,66,67,14,15,13,14,15,13,0,0,0
140553,51,52,0,24,24,,24,24,,0,0,
140696,60,62,61,23,24,24,23,24,24,0,0,0
140720,83,82,84,6,9,5,6,9,5,1,1,1
140818,93,91,94,15,20,13,15,20,13,0,0,0
140872,55,54,57,33,40,25,33,40,25,0,0,0
140951,84,81,85,29,32,28,28,31,27,1,1,1
140988,97,97,97,35,40,31,35,40,31,0,0,0
141060,34,,34,20,,20,20,,20,0,,0
141167,43,48,35,62,68,47,59,65,42,3,2,5
141185,64,57,68,38,42,36,37,41,35,1,1,1
141237,91,92,90,33,34,31,32,34,31,0,0,0
141264,83,83,84,29,35,27,28,33,26,1,2,1
141325,62,,62,12,,12,12,,12,0,,0
141334,49,46,52,33,38,31,30,34,29,2,4,2
141361,64,61,66,20,24,17,20,24,17,0,0,0
141486,93,94,92,20,25,18,18,25,15,2,0,3
141565,90,87,91,16,20,14,15,19,13,1,1,1
141574,70,72,69,23,28,20,21,27,19,1,2,1
141644,84,82,85,4,6,4,4,6,4,0,0,0
141981,96,96,96,33,34,31,27,26,27,6,8,4
142090,96,92,100,46,55,41,41,41,41,6,14,0
142115,84,82,86,23,23,23,22,21,23,1,1,1
142285,79,76,82,19,20,19,19,20,18,0,0,0
142294,47,46,48,14,14,13,14,14,13,0,0,0
142328,90,89,90,11,11,12,11,11,11,1,0,1
142461,63,57,67,11,13,10,11,12,10,0,0,0
142522,97,96,98,43,41,45,36,33,38,8,8,7
142957,100,100,100,100,100,100,67,0,100,33,100,0
143048,76,71,78,13,16,13,13,16,13,0,0,0
143084,68,61,73,14,17,13,14,17,13,0,0,0
143118,85,84,86,18,18,19,18,18,19,0,0,0
143288,80,79,82,10,11,9,10,11,9,0,0,0
143358,77,74,79,11,13,9,11,13,9,0,0,0
143978,33,22,39,11,0,14,0,0,0,11,0,14
144005,41,31,47,6,7,6,4,5,3,2,2,2
144050,5,6,4,88,89,87,88,89,87,0,0,0
144281,91,88,93,22,23,22,22,23,22,0,0,0
144351,93,92,95,8,8,7,7,8,7,0,0,0
144740,74,70,76,12,14,11,12,14,11,0,0,0
144892,68,63,72,10,9,11,10,9,11,0,0,0
144962,76,69,81,13,13,13,13,13,13,0,0,0
144971,88,86,92,14,12,17,14,12,17,0,0,0
145239,77,67,79,55,63,54,55,63,54,0,0,0
145354,100,,100,100,,100,75,,75,25,,25
145372,95,94,97,17,18,17,17,18,16,0,0,0
145497,92,100,87,83,100,69,65,80,54,17,20,15
145600,79,74,82,23,27,21,23,26,21,0,0,0
145619,77,71,83,16,19,14,16,19,14,0,0,0
145637,44,37,53,28,30,27,28,30,27,0,0,0
145646,45,40,51,16,18,14,16,18,14,0,0,0
145691,75,72,77,9,11,8,9,11,8,0,0,0
145725,55,54,59,11,11,11,11,11,11,0,0,0
145813,89,86,91,22,24,21,22,24,21,0,0,0
146339,63,60,74,32,31,35,32,31,35,0,0,0
146427,71,66,77,8,9,8,8,9,8,0,0,0
146481,59,56,62,15,16,14,15,16,14,0,0,0
146612,73,70,76,16,17,15,16,17,15,0,0,0
146719,81,76,84,9,8,9,9,8,9,0,0,0
147013,64,70,74,26,27,25,26,27,25,0,0,0
147129,31,0,33,100,,100,0,,0,100,,100
147244,54,47,62,15,16,15,15,16,14,0,0,0
147341,87,84,91,15,16,14,15,16,14,0,0,0
147369,98,95,100,68,70,66,62,62,62,6,8,4
147536,93,91,95,20,16,23,18,15,21,2,1,2
147660,58,55,61,17,19,15,17,19,15,0,0,0
147679,73,69,76,18,21,15,18,21,15,0,0,0
147703,70,67,73,13,15,12,13,15,12,0,0,0
147767,7,7,7,57,57,57,57,57,57,0,0,0
147776,70,64,75,9,11,8,9,11,7,1,1,1
147828,67,66,68,22,26,19,22,26,19,0,0,0
148016,44,43,47,71,73,67,71,73,67,0,0,0
148131,50,46,58,30,32,27,30,32,27,0,0,0
148405,57,55,61,11,10,13,11,10,13,0,0,0
148487,94,94,94,11,11,11,11,11,11,0,0,0
148496,80,74,83,12,12,13,12,12,13,0,0,0
148584,64,60,66,20,20,19,20,20,19,0,0,0
148627,86,82,88,12,14,12,12,13,11,0,0,0
148654,84,81,86,12,13,12,12,12,12,0,1,0
149028,100,,100,100,,100,100,,100,0,,0
149222,90,90,91,17,19,16,17,18,16,0,0,0
149231,97,96,98,18,20,18,18,20,18,0,0,0
149310,89,93,86,88,92,83,88,92,83,0,0,0
149329,100,100,,95,95,,95,95,,0,0,
149505,89,83,92,28,32,25,27,31,25,0,0,0
149514,93,92,95,9,3,13,8,3,12,1,0,2
149639,97,100,93,47,55,36,47,55,36,0,0,0
149772,75,70,78,15,16,15,15,16,15,0,0,0
149781,90,88,91,33,34,32,33,34,32,0,0,0
150066,53,48,60,10,11,9,10,11,9,0,0,0
150136,72,69,73,19,20,18,18,19,18,0,0,0
150145,99,99,98,27,31,25,27,30,25,0,0,1
150163,86,85,87,14,14,15,14,14,15,0,0,0
150400,54,48,61,13,15,11,13,15,11,0,0,0
150455,74,70,78,15,15,15,15,15,15,0,0,0
150534,78,74,80,13,13,13,13,13,13,0,0,0
150604,71,66,75,16,19,14,16,19,14,0,0,0
150668,89,89,89,15,16,15,15,15,15,0,0,0
150677,81,75,83,14,18,12,14,18,12,0,0,0
150756,84,81,86,12,12,11,12,12,11,0,0,0
150774,74,71,76,20,27,15,18,22,15,2,4,0
150941,71,69,72,24,26,23,22,24,21,2,2,2
151102,86,86,86,25,26,23,24,26,22,1,1,1
151111,81,78,84,26,26,25,25,26,25,1,1,1
151263,73,68,76,11,13,10,11,13,10,0,0,0
151290,57,59,55,13,14,11,13,14,11,0,0,0
151306,95,94,95,31,35,29,30,35,28,0,1,0
151324,92,90,93,13,14,12,13,14,12,0,0,0
151333,85,82,86,29,33,27,28,31,26,1,2,1
151342,86,83,87,37,42,35,34,39,31,3,3,3
151351,80,79,81,22,22,22,22,22,21,0,0,0
151360,77,72,79,22,23,21,20,22,19,2,1,2
151379,83,80,84,38,42,36,35,39,33,3,2,3
151388,71,66,73,27,30,26,25,28,23,2,2,3
151467,82,82,82,25,6,28,25,6,28,0,0,0
151777,91,90,94,13,11,15,13,11,15,0,0,0
151786,95,95,95,17,19,15,16,19,15,0,0,1
151801,82,80,84,20,21,19,20,21,19,0,0,0
152080,12,13,12,59,59,59,59,59,59,0,0,0
152099,68,72,61,30,32,23,29,32,23,0,0,0
152318,73,72,74,14,15,13,14,15,13,0,0,0
152336,98,98,97,29,26,31,28,26,30,1,0,1
152381,76,97,60,23,19,29,23,19,28,0,0,1
152390,81,,81,22,,22,22,,22,0,,0
152497,100,,100,67,,67,67,,67,0,,0
152530,76,73,79,36,37,35,36,37,35,0,0,0
152567,85,86,83,20,22,17,20,22,17,0,0,0
152600,92,92,93,11,9,12,11,9,12,0,0,0
152673,63,63,,19,19,,19,19,,0,0,
153001,72,78,71,20,20,20,20,20,20,0,0,0
153108,79,81,77,18,18,17,18,18,17,0,0,0
153126,68,67,73,9,7,21,9,7,21,0,0,0
153144,71,64,75,7,10,5,7,10,5,0,0,0
153162,81,78,83,12,14,9,12,14,9,0,0,0
153250,71,68,76,41,38,45,40,37,44,0,0,0
153269,64,59,71,13,12,14,13,12,14,0,0,0
153278,87,85,90,24,26,21,24,26,20,0,0,1
153302,98,98,98,61,61,61,61,61,61,0,0,0
153320,50,46,53,80,83,77,76,76,77,3,7,0
153366,83,82,85,13,15,9,13,15,9,0,0,0
153375,98,98,99,21,26,17,20,26,16,0,0,0
153384,13,11,14,36,39,34,36,39,34,0,0,0
153603,89,88,91,29,29,28,28,29,27,0,0,0
153658,85,82,87,23,22,24,23,22,24,0,0,0
153825,92,91,93,17,17,17,17,17,17,0,0,0
153834,73,72,75,20,19,21,20,19,21,0,0,0
153861,97,93,99,50,39,55,50,39,55,0,0,0
153977,99,100,99,49,65,46,30,60,26,19,5,20
154004,71,71,70,17,19,16,17,19,16,0,0,0
154013,79,77,80,18,21,17,18,20,17,1,1,0
154095,94,93,95,33,32,35,33,31,34,0,0,0
154101,87,85,89,28,30,26,28,30,26,0,0,0
154235,73,71,76,17,19,15,17,19,15,0,0,0
154262,44,,44,88,,88,50,,50,38,,38
154350,89,88,90,23,24,22,23,24,22,0,0,0
154493,93,93,94,24,24,24,24,24,23,0,0,1
154518,73,70,77,24,24,24,23,23,24,1,1,0
154527,99,100,99,17,18,16,17,18,16,0,0,0
154590,57,56,59,47,47,47,46,47,46,0,0,1
154688,92,91,93,28,33,24,28,32,24,1,1,0
154712,76,76,77,23,23,23,23,23,23,0,0,0
154721,79,77,83,12,9,17,12,9,17,0,0,0
154749,96,95,97,17,17,17,17,17,17,0,0,0
155025,98,96,98,26,29,25,26,29,25,0,0,0
155061,92,92,91,44,48,42,43,46,40,2,2,2
155070,54,60,49,53,47,61,42,43,39,11,4,21
155089,56,56,56,39,44,34,39,44,34,0,0,0
155140,88,87,89,76,76,75,73,73,72,3,3,2
155283,99,100,99,58,31,60,58,31,60,0,0,0
155317,88,84,92,31,33,30,30,32,29,1,1,1
155335,48,86,26,38,27,58,37,27,55,1,0,2
155399,79,76,82,30,31,29,29,30,29,1,1,1
155414,85,81,92,17,16,19,17,16,19,0,0,0
155423,41,52,26,77,78,75,61,64,53,16,13,22
155496,100,100,100,68,61,76,68,61,76,0,0,0
155511,84,84,84,24,24,23,24,24,23,0,0,0
155520,73,75,72,26,26,26,26,26,26,0,0,0
155627,80,82,74,10,8,17,10,8,16,0,0,0
155681,88,87,89,35,38,32,35,38,32,0,0,0
155812,90,88,93,20,17,26,20,17,26,0,0,0
155900,65,65,66,24,25,21,23,24,20,1,1,1
155937,53,48,65,32,29,38,32,29,38,0,0,1
155973,65,62,70,34,32,39,34,32,39,0,0,0
156125,95,94,96,22,24,20,21,23,20,1,1,1
156189,86,85,86,12,13,11,12,13,11,0,0,0
156213,64,58,68,36,37,36,36,37,35,0,0,0
156286,94,94,94,20,20,19,19,20,19,0,0,0
156295,33,29,36,61,65,58,61,65,58,0,0,0
156356,35,27,42,17,29,11,17,29,11,0,0,0
156365,98,99,98,69,71,66,65,70,61,4,2,5
156408,54,52,59,21,21,20,21,21,20,0,0,0
156541,71,73,70,21,27,17,19,24,16,2,3,2
156620,78,77,79,21,22,20,19,21,19,1,1,1
156745,74,73,75,23,29,18,23,29,18,0,0,0
157030,36,44,31,80,71,88,80,71,88,0,0,0
157058,93,91,94,19,22,17,17,20,16,2,2,1
157076,67,64,71,18,18,18,18,18,18,0,0,0
157085,92,91,93,25,25,25,24,24,25,0,0,0
157100,62,59,73,36,36,34,35,36,34,0,0,1
157289,81,81,80,26,27,25,24,25,24,2,2,1
157377,95,95,96,25,24,26,24,24,25,0,0,1
157386,82,80,83,17,19,16,17,19,16,0,0,0
157401,86,86,86,17,17,18,17,16,18,0,0,0
157447,96,96,96,21,24,19,20,23,19,1,1,1
157748,97,97,97,63,62,63,56,55,59,6,7,4
157757,99,99,98,15,16,14,14,16,14,0,1,0
157809,97,97,97,13,15,12,13,15,12,0,0,0
157818,85,80,88,17,19,15,17,19,15,0,0,0
157863,55,58,53,43,53,32,43,53,32,0,0,0
157951,97,96,98,38,40,36,37,39,36,0,0,0
158477,54,50,59,26,32,20,26,32,20,0,0,0
158802,41,35,42,8,9,7,8,9,7,0,0,0
159009,24,20,26,16,19,15,15,18,14,1,1,0
159382,93,90,94,74,74,74,68,67,69,5,6,5
159391,74,72,75,24,26,23,24,26,23,0,0,0
159416,83,86,81,36,47,31,34,43,30,2,4,1
159568,84,82,86,48,52,42,47,50,42,1,2,0
159647,73,73,72,34,39,29,34,39,29,0,0,0
159656,88,86,88,13,15,12,13,15,12,0,0,0
159717,68,68,67,48,48,48,47,47,47,0,1,0
159939,67,61,70,17,24,14,17,23,13,0,1,0
159966,96,95,97,37,39,35,37,39,35,0,0,0
159993,75,67,80,29,27,30,28,27,29,1,1,1
160038,94,92,95,35,40,33,33,39,32,1,1,1
160065,99,99,99,8,8,8,8,8,8,0,0,0
160074,83,86,83,21,39,19,19,39,16,2,0,2
160612,94,96,94,45,47,45,34,35,33,12,12,12
160621,50,50,50,28,33,27,27,31,25,1,2,1
160630,60,59,61,9,14,7,9,14,7,0,0,0
160658,89,86,90,32,37,29,32,37,29,0,0,0
160755,15,14,15,46,48,45,46,48,45,0,0,0
160904,74,67,77,10,10,9,10,10,9,0,0,0
160959,65,63,66,28,16,32,28,16,32,0,0,0
160977,13,13,13,43,48,39,43,48,39,0,0,0
161004,8,9,8,57,60,55,57,60,55,0,0,0
161022,33,25,36,100,100,100,67,100,60,33,0,40
161086,7,7,7,50,51,49,50,51,49,0,0,0
161226,98,96,98,18,20,17,18,19,17,0,1,0
161235,99,99,99,13,13,13,13,13,13,1,1,1
161253,96,96,96,14,17,12,14,16,11,0,1,0
161299,61,66,55,33,35,25,33,35,25,0,0,0
161341,97,97,97,18,23,15,15,21,12,3,2,4
161457,89,86,90,13,13,13,13,13,13,0,0,0
161509,78,74,78,17,20,14,17,20,13,0,0,0
161518,82,81,82,15,18,14,15,18,14,0,0,0
161554,79,71,85,16,17,15,15,16,14,1,1,1
161563,97,95,99,23,25,22,23,25,22,0,0,0
161572,82,82,82,10,10,10,10,10,10,0,0,0
161873,86,84,86,28,39,21,17,16,18,11,24,3
162007,84,80,85,19,24,17,18,23,17,0,1,0
162061,78,79,73,26,27,20,24,25,18,2,2,2
162210,45,46,46,14,19,11,13,19,10,0,0,0
162283,50,44,52,17,18,17,16,16,16,2,2,1
162584,89,89,90,15,17,13,15,17,13,0,0,0
162654,73,66,77,10,10,10,10,10,10,0,0,0
162760,78,76,80,12,11,12,12,11,12,0,0,0
162928,8,8,7,48,48,48,48,48,48,0,0,0
163046,76,77,76,14,15,14,14,15,14,0,0,0
163268,74,74,74,20,24,17,20,24,17,0,0,0
163286,45,42,48,23,25,22,23,25,22,0,0,0
163295,77,66,81,11,14,11,11,14,11,0,0,0
163338,90,90,91,10,12,9,10,12,9,0,0,0
163453,83,80,84,12,14,11,12,14,11,0,0,0
163462,72,71,73,12,14,11,12,14,11,0,0,0
163532,79,79,,80,80,,80,80,,0,0,
163578,86,86,87,10,8,10,10,8,10,0,0,0
163851,89,87,90,19,20,19,19,20,19,0,0,0
163912,75,71,78,19,20,18,19,20,18,0,0,0
163976,44,40,49,28,30,27,28,30,27,0,0,0
164076,83,80,84,19,20,19,19,20,18,0,0,0
164155,9,9,10,85,86,84,85,86,84,0,0,0
164173,83,79,86,18,19,18,18,19,18,0,0,0
164216,66,59,70,14,16,12,14,16,12,0,0,0
164270,84,81,86,13,14,12,13,14,12,0,0,0
164368,53,51,56,15,21,10,15,21,10,0,0,0
164447,97,97,97,13,16,10,13,16,9,0,0,0
164465,10,10,10,39,40,40,39,40,40,0,0,0
164492,90,90,90,7,7,7,7,7,7,0,0,0
164535,33,33,33,100,100,100,100,100,100,0,0,0
164562,87,83,90,12,12,12,12,12,12,0,0,0
164580,20,16,25,40,43,36,40,43,36,0,0,0
164614,100,100,100,29,38,17,21,25,17,7,13,0
164632,73,20,75,16,0,18,16,0,18,0,0,0
164739,48,46,52,22,23,21,22,23,21,0,0,0
164748,50,54,46,42,43,41,39,40,38,3,3,3
164924,16,17,14,41,42,41,41,42,41,0,0,0
164988,11,12,10,36,34,38,36,34,38,0,0,0
165015,35,31,39,22,23,21,22,23,21,0,0,0
165024,89,87,91,21,22,19,20,21,19,1,1,1
165060,52,33,55,67,100,64,67,100,64,0,0,0
165264,41,50,36,40,67,22,13,17,11,27,50,11
165334,42,37,45,14,16,13,14,16,13,0,0,0
165529,92,91,93,8,9,8,8,9,8,0,0,0
165574,74,72,75,9,10,8,8,10,8,0,0,0
165608,64,,64,100,,100,64,,64,36,,36
165644,59,60,58,16,16,17,16,16,17,0,0,0
165662,47,43,49,19,23,17,19,23,17,0,0,0
165671,81,73,83,11,12,11,11,12,11,0,0,0
165699,72,70,74,22,21,23,22,21,23,0,0,0
165802,71,65,75,8,11,7,8,11,7,0,0,0
165820,90,88,91,16,18,14,16,18,13,0,0,0
165866,85,81,88,14,14,13,13,14,13,0,0,0
165936,59,62,57,22,24,20,21,23,20,0,1,0
166018,70,58,73,17,19,12,17,19,12,0,0,0
166027,3,3,3,84,84,84,84,84,84,0,0,0
166054,90,100,71,74,71,80,74,71,80,0,0,0
166124,21,21,21,45,46,44,45,46,44,0,0,0
166391,82,76,86,12,13,12,12,13,12,0,0,0
166452,94,92,95,8,11,7,8,11,7,0,0,0
166489,84,92,76,13,10,17,13,10,17,0,0,0
166513,85,85,85,19,22,16,19,22,16,0,0,0
166629,58,48,66,18,21,16,18,21,16,0,0,0
166638,83,80,84,14,18,12,14,17,12,0,1,0
166656,85,80,87,13,15,12,13,15,12,0,0,0
166674,77,65,81,18,23,17,18,23,17,0,0,0
166683,5,4,7,86,92,86,86,92,86,0,0,0
166692,95,95,95,38,38,38,38,38,38,0,0,0
166850,74,74,74,11,12,9,11,12,9,0,0,0
166939,38,,38,30,,30,30,,30,0,,0
167057,43,48,37,26,25,27,26,25,27,0,0,0
167260,88,87,89,18,19,16,18,19,16,0,0,0
167288,92,90,93,13,18,11,13,18,11,0,0,0
167358,6,5,6,50,50,50,50,50,50,0,0,0
167394,88,90,95,16,24,17,16,24,17,0,0,0
167598,89,83,91,10,9,10,10,9,10,0,0,0
167729,96,95,96,17,22,16,17,21,15,0,1,0
167783,66,,66,11,,11,11,,11,0,,0
167792,97,96,98,59,58,59,59,58,59,0,0,0
167835,20,,20,33,,33,33,,33,0,,0
167871,49,64,42,85,81,88,38,11,58,47,70,31
167899,70,69,71,19,20,18,19,20,18,0,0,0
167987,92,90,93,15,17,14,15,17,14,0,0,0
167996,73,68,76,11,12,11,11,12,11,0,0,0
168005,85,82,86,14,13,15,14,13,15,0,0,0
168148,10,10,10,50,51,50,50,51,50,0,0,0
168218,14,,14,50,,50,50,,50,0,,0
168227,85,84,88,18,19,16,18,19,16,0,0,0
168254,83,83,84,13,14,13,13,14,13,0,0,0
168263,81,77,84,14,18,12,14,17,11,0,0,0
168281,71,66,75,16,16,15,16,16,15,0,0,0
168342,10,10,10,47,49,47,47,49,47,0,0,0
168421,58,54,69,20,21,17,20,21,17,0,0,0
168430,90,89,90,21,23,20,21,23,20,0,0,0
168528,68,64,75,23,25,21,23,25,21,0,0,0
168546,83,81,84,8,9,7,8,9,7,0,0,0
168591,66,58,72,13,15,12,13,15,12,0,0,0
168740,87,83,91,24,26,23,23,24,22,2,2,1
168786,71,64,76,18,22,16,18,22,16,0,0,0
168847,88,83,89,47,44,48,32,31,32,15,13,16
169080,71,67,75,22,24,20,22,24,20,0,0,0
169248,91,89,92,12,13,12,12,13,12,0,0,0
169327,50,50,53,31,35,26,29,33,24,2,2,2
169363,72,70,75,17,17,17,16,16,16,1,0,1
169442,93,87,95,25,26,25,25,26,24,0,0,0
169479,97,97,97,16,18,14,13,16,11,3,2,3
169576,50,,50,50,,50,50,,50,0,,0
169655,100,100,100,52,53,41,52,53,41,0,0,0
169716,80,77,82,12,13,11,11,13,11,1,1,0
169798,81,78,83,11,12,11,11,11,11,0,0,0
169910,81,80,81,21,25,18,20,25,18,0,1,0
169983,79,81,75,15,16,11,15,16,11,0,0,0
170000,99,99,100,31,38,25,24,31,17,7,6,8
170037,73,67,78,21,21,20,18,20,17,3,2,3
170082,95,94,95,21,21,21,21,21,21,0,0,0
170286,21,20,22,62,65,59,61,64,59,1,1,0
170301,76,70,80,21,22,21,21,22,21,0,0,0
170532,76,72,80,13,13,13,13,13,13,0,0,0
170639,68,61,73,15,19,13,15,19,12,1,0,1
170675,80,80,80,18,18,19,18,17,19,0,1,0
170806,93,91,94,17,20,15,17,20,15,0,0,0
170967,65,66,65,44,75,31,44,74,31,0,1,0
170976,18,16,20,47,49,46,47,48,46,0,0,0
171100,84,83,85,19,20,19,19,20,18,0,0,0
171128,88,87,89,13,16,10,13,15,10,0,0,0
171137,59,54,63,16,18,14,16,18,14,0,0,0
171146,69,64,73,9,9,9,8,8,8,1,1,1
171456,70,71,69,32,37,29,32,37,29,0,0,0
171492,84,84,85,20,21,17,18,20,16,1,2,1
171571,70,68,71,26,28,25,25,28,25,1,1,0
171599,97,96,98,24,25,24,24,25,24,0,0,0
171881,34,33,36,56,60,48,56,60,48,0,0,0
172033,100,100,100,50,100,33,25,100,0,25,0,33
172051,73,69,76,17,17,18,17,16,18,0,0,0
172264,67,66,67,24,24,26,24,24,25,0,0,1
172334,37,30,45,18,21,15,17,21,15,0,0,0
172644,82,81,83,24,23,22,23,22,22,1,1,1
172699,85,83,86,15,16,13,14,16,13,0,0,0
173045,77,70,82,21,24,18,21,24,18,0,0,0
173124,71,92,91,24,27,22,23,27,21,1,1,1
173142,51,48,53,42,46,39,42,46,39,0,0,0
173160,91,90,92,29,30,28,29,29,28,0,0,0
173258,22,21,24,37,39,36,37,39,36,0,0,0
173300,63,60,66,16,17,14,16,17,14,0,0,0
173328,75,69,79,18,21,17,18,21,17,0,1,0
173452,83,83,82,83,84,82,83,84,82,0,0,0
173647,62,57,68,18,18,18,18,18,18,0,0,0
173665,90,90,90,14,14,14,14,14,14,0,0,0
173902,28,25,30,23,27,20,23,27,20,0,0,0
173920,91,89,93,29,29,30,29,28,29,0,0,0
173957,39,40,38,94,100,92,94,100,92,0,0,0
174020,96,97,96,30,42,23,22,30,17,8,12,6
174066,77,76,78,22,22,22,22,21,22,0,0,0
174075,58,52,64,20,14,20,19,12,20,1,1,1
174127,48,48,52,39,49,36,39,49,36,0,0,0
174154,94,89,94,69,71,69,57,65,57,11,6,12
174233,82,80,83,23,25,22,23,25,22,0,0,0
174251,70,68,73,11,13,10,11,12,10,0,0,0
174358,53,46,59,25,18,30,25,18,29,0,0,0
174437,91,90,91,39,41,38,37,40,34,2,1,3
174491,92,90,94,33,30,36,33,30,35,1,0,1
174747,91,,91,22,,22,22,,22,0,,0
174783,95,94,95,19,18,19,18,18,18,1,1,1
174792,90,90,,25,25,,25,25,,0,0,
174817,89,88,90,23,26,21,23,26,21,0,0,0
174844,52,47,57,27,27,26,27,27,26,0,0,0
174862,63,58,73,31,29,34,29,27,31,2,2,3
174899,94,91,95,23,26,22,23,26,22,0,0,0
174914,85,89,93,22,24,21,22,24,21,0,0,0
175005,94,100,94,24,38,23,23,0,23,1,38,1
175078,69,63,74,20,20,21,19,19,19,1,1,1
175227,98,99,99,66,78,70,61,73,65,4,5,5
175272,69,62,72,28,28,28,27,27,27,0,0,0
175342,25,23,25,27,33,25,25,31,24,2,2,2
175421,53,55,52,22,24,21,22,23,20,0,0,0
175430,100,100,100,57,62,52,57,61,52,1,1,0
175616,100,100,100,18,26,12,17,25,12,1,1,1
175856,91,90,91,8,10,7,7,9,6,0,1,0
175980,49,54,45,15,16,15,15,16,15,0,0,0
176017,98,98,98,19,21,18,19,20,18,0,0,0
176035,100,100,100,29,39,26,28,39,26,0,0,0
176044,51,49,53,19,27,14,16,21,12,3,6,2
176053,49,50,48,42,41,42,41,41,42,0,0,0
176080,76,77,76,24,25,23,23,24,23,0,0,0
176318,35,37,33,17,25,12,16,24,11,1,1,1
176372,99,99,100,20,21,19,19,20,19,0,0,0
176406,53,55,53,12,16,11,12,16,11,0,0,0
176451,100,100,,67,67,,33,33,,33,33,
176479,58,63,55,62,76,51,62,76,51,0,0,0
176628,60,89,94,23,18,27,23,18,27,0,0,0
176770,71,,71,60,,60,20,,20,40,,40
176789,71,72,70,35,32,38,31,27,35,4,5,3
176947,88,88,88,23,20,28,23,20,28,0,0,0
176965,69,69,69,31,37,27,30,36,27,1,1,1
176983,100,100,100,100,100,100,61,78,13,39,22,88
177038,80,100,75,75,100,67,75,100,67,0,0,0
177083,100,100,,100,100,,100,100,,0,0,
177117,66,,66,18,,18,17,,17,0,,0
177144,98,98,99,19,16,27,19,16,27,0,0,0
177214,59,58,60,22,23,20,22,23,20,0,0,0
177339,69,68,71,41,44,38,41,44,38,0,0,0
177418,95,95,95,16,18,13,16,18,13,0,0,0
177542,59,58,59,31,35,26,31,35,26,0,0,0
177746,60,54,62,36,37,36,36,37,36,0,0,0
177931,75,100,71,100,100,100,100,100,100,0,0,0
177968,66,63,68,20,20,20,19,20,19,1,0,1
177986,90,83,93,72,80,69,50,60,46,22,20,23
178059,94,93,94,23,22,24,19,19,19,4,3,5
178183,78,50,83,68,33,72,68,33,72,0,0,0
178208,94,93,96,63,60,68,52,47,60,11,13,8
178244,64,64,64,34,38,31,33,37,28,2,1,3
178341,97,97,98,26,26,26,24,24,24,2,2,2
178369,53,51,55,36,44,25,36,44,25,0,0,0
178396,77,74,79,31,32,30,31,32,30,0,0,0
178402,75,68,79,30,34,28,29,32,27,1,1,1
178411,73,75,70,20,23,14,20,23,14,0,0,0
178420,57,55,58,18,21,16,16,19,15,1,1,1
178615,80,78,81,25,25,25,25,25,24,0,0,0
178624,86,84,87,18,19,17,17,19,17,0,0,0
178679,98,99,98,54,53,54,53,53,54,0,1,0
178697,15,17,13,69,72,66,69,72,66,0,0,0
178767,71,67,75,100,100,100,40,50,33,60,50,67
179043,69,69,69,19,25,15,19,25,15,0,0,0
179159,81,77,85,14,13,15,14,13,15,0,0,0
179265,75,76,75,13,15,12,13,15,12,0,0,0
179326,100,100,100,26,29,24,24,28,23,1,1,2
179548,92,53,96,20,16,20,20,16,20,0,0,0
179557,79,75,86,22,24,21,21,22,21,1,1,1
179566,91,89,93,26,26,26,25,24,25,2,2,1
179867,12,12,12,47,47,48,47,47,47,0,0,0
179894,58,56,60,15,12,17,14,12,15,1,0,2
179946,78,74,81,9,10,8,9,10,8,0,0,0
179955,34,38,30,31,31,31,31,31,31,0,0,0
179964,74,69,78,27,37,23,26,35,21,2,2,1
180106,73,70,75,21,22,20,21,22,20,0,0,0
180258,64,61,66,56,67,49,52,59,48,4,8,2
180416,90,88,92,20,24,15,20,24,15,0,1,0
180461,87,87,86,19,22,17,17,20,15,2,2,2
180489,96,94,97,18,19,18,17,18,17,1,1,1
180595,73,74,72,20,21,18,20,21,18,0,0,0
180692,99,99,100,38,40,36,37,40,35,1,0,1
180832,64,67,64,100,100,100,61,50,63,39,50,37
180878,63,71,62,67,40,69,48,40,49,19,0,20
180984,90,87,94,27,25,29,27,25,29,0,0,0
181002,72,74,72,20,20,20,20,20,20,0,0,0
181020,90,87,92,21,22,20,21,22,20,0,0,0
181127,70,67,73,20,22,19,20,22,19,0,0,0
181215,86,83,88,15,14,15,14,14,15,0,0,0
181297,88,100,87,56,63,56,52,50,52,4,13,3
181330,67,71,63,29,33,26,29,33,26,0,0,0
181394,87,86,88,25,25,25,24,24,25,1,1,1
181446,84,80,87,23,23,22,23,23,22,0,0,0
181464,77,77,77,33,36,31,33,36,31,0,0,0
181543,14,0,20,100,,100,100,,100,0,,0
181604,44,,44,47,,47,46,,46,1,,1
181738,100,100,100,10,10,10,10,10,9,0,0,0
181853,48,49,46,47,44,50,47,44,50,0,0,0
182281,96,96,97,39,41,37,38,40,37,1,1,1
182290,85,84,86,40,41,39,39,40,38,0,0,0
182634,90,86,92,12,12,13,12,12,13,0,0,0
182670,6,7,6,67,69,67,67,69,67,0,0,0
182795,90,91,91,11,14,9,11,14,9,0,0,0
182917,44,53,38,100,100,100,100,100,100,0,0,0
182980,96,96,97,9,9,9,8,9,8,0,0,0
183026,96,95,97,35,33,37,8,7,8,27,26,28
183044,87,84,89,14,15,14,14,15,14,0,0,0
183062,89,88,90,18,19,16,17,19,16,0,0,0
183071,87,84,90,16,22,12,15,21,11,1,1,1
183080,91,90,92,15,17,13,15,17,13,0,0,0
183211,82,75,86,20,20,20,20,20,19,1,0,1
183239,78,75,81,18,18,18,18,18,18,0,0,0
183822,67,73,64,8,9,7,8,9,7,0,0,0
183910,65,61,69,7,7,7,7,6,7,0,0,0
183974,97,96,97,14,18,12,14,18,12,0,0,0
184348,69,65,73,13,14,12,13,14,12,0,0,0
184603,96,93,98,15,16,14,13,14,13,1,1,1
184612,94,92,95,17,17,16,17,17,16,0,0,0
184694,95,94,96,12,12,12,12,12,12,0,0,0
184773,71,65,73,14,16,13,14,16,13,0,0,1
184782,78,76,79,18,21,16,18,21,16,0,0,0
184968,25,,25,100,,100,100,,100,0,,0
185129,89,87,90,11,14,9,11,14,9,0,0,0
185262,77,73,79,21,24,20,21,23,19,0,0,0
185572,90,86,92,13,13,13,13,13,13,0,0,0
185590,87,84,89,20,21,18,19,21,18,0,0,0
185679,96,79,98,14,27,13,3,13,3,10,13,10
185828,67,63,73,19,21,16,17,19,15,1,2,1
186131,4,4,5,77,77,76,77,77,76,0,0,0
186186,87,87,,87,87,,87,87,,0,0,
186201,73,72,74,18,19,18,18,19,18,0,0,0
186283,79,80,79,11,12,11,11,12,11,0,0,0
186371,78,78,78,6,6,6,6,6,6,0,0,0
186380,65,64,66,27,28,26,27,28,26,0,0,0
186399,79,77,80,10,11,9,10,11,9,0,0,0
186432,91,89,92,11,12,11,11,12,11,0,0,0
186584,79,78,80,8,8,8,8,8,8,0,0,0
186618,77,72,81,10,11,10,10,11,10,0,0,0
186867,43,40,49,17,18,14,17,18,14,0,0,0
186876,88,86,90,19,20,18,19,20,18,0,0,0
186900,42,42,,100,100,,100,100,,0,0,
187134,62,60,64,21,22,21,21,21,21,0,0,0
187444,93,91,94,12,13,12,12,13,12,0,0,0
187648,55,58,53,43,45,41,42,44,40,1,1,1
187745,100,100,100,70,77,67,55,59,54,14,18,13
187912,58,62,42,76,75,80,76,75,80,0,0,0
187967,54,56,50,37,41,30,37,41,30,0,0,0
187985,95,95,96,29,30,29,28,29,28,1,1,1
188030,76,73,78,21,23,19,21,23,19,0,0,0
188429,78,74,79,10,10,11,10,10,11,0,0,0
188526,59,51,63,10,15,8,10,15,8,0,0,0
188641,48,43,53,12,13,10,12,13,10,0,0,0
188669,49,36,50,33,25,35,33,25,35,0,0,0
188678,81,79,83,39,37,41,39,37,41,0,0,0
188854,25,25,24,24,23,24,24,23,24,0,0,0
188915,100,,100,100,,100,33,,33,67,,67
188942,100,,100,92,,92,91,,91,1,,1
189088,52,46,55,12,14,10,12,14,10,0,0,0
189097,8,,8,76,,76,74,,74,1,,1
189273,90,90,,96,96,,96,96,,0,0,
189705,82,77,86,13,15,11,12,15,11,0,0,0
189857,88,88,,97,97,,97,97,,0,0,
190008,4,1,5,7,0,8,7,0,8,0,0,0
190044,77,79,76,11,13,8,11,13,8,0,0,0
190099,12,11,13,32,33,31,32,33,31,0,0,0
190114,77,71,81,37,17,50,23,17,26,15,0,24
190150,4,5,4,63,64,63,62,62,61,2,2,2
190372,19,18,21,53,52,54,53,52,54,0,0,0
190415,8,8,9,66,67,65,66,67,65,0,0,0
190451,40,33,43,0,0,0,0,0,0,0,0,0
190503,92,89,94,34,41,29,34,41,29,0,0,0
190512,50,43,57,21,25,17,21,25,17,0,0,0
190549,54,48,59,10,12,9,10,12,9,0,0,0
190567,58,50,66,14,18,11,14,17,11,1,1,0
190576,39,40,39,26,31,21,0,0,0,26,31,21
190594,54,49,57,19,18,18,18,18,18,0,0,0
190600,57,51,61,20,17,21,20,17,21,0,0,0
190637,55,49,60,12,14,11,12,13,11,0,0,0
190646,83,83,83,8,8,8,8,7,8,0,0,0
190655,81,81,81,20,21,19,19,20,17,1,1,1
190664,69,63,73,15,18,12,14,17,12,1,1,1
190691,59,55,63,8,9,7,8,9,7,0,0,0
190707,41,0,54,86,,86,86,,86,0,,0
190716,82,83,82,13,12,13,12,12,13,1,1,0
190725,76,73,77,16,20,15,16,20,15,0,0,0
190752,88,88,,91,91,,91,91,,0,0,
190761,79,74,82,16,20,14,16,20,14,0,0,0
190956,83,76,84,3,0,3,3,0,3,0,0,0
190983,91,88,92,9,9,8,8,9,8,0,0,0
191126,58,49,60,53,54,53,52,51,52,1,3,1
191205,72,75,72,49,54,40,48,53,40,1,1,0
191241,56,52,59,10,11,9,10,11,9,0,0,0
191515,12,12,12,41,42,39,41,42,39,0,0,0
191533,69,99,45,12,8,20,12,8,20,0,0,0
191597,24,0,28,30,,30,30,,30,0,,0
191621,98,97,99,19,23,17,19,23,17,0,0,0
191630,57,52,61,15,16,13,15,16,13,0,0,0
191649,71,68,73,10,11,9,10,11,9,0,0,0
191676,93,92,93,24,23,24,24,23,24,0,0,0
191931,91,89,93,12,13,11,12,13,11,0,0,0
191940,96,87,98,25,25,25,25,25,25,0,0,0
191968,70,71,69,14,15,13,14,15,13,0,0,0
192004,86,83,87,77,83,75,77,83,75,0,0,0
192040,45,42,48,73,84,67,73,84,67,0,0,0
192110,9,11,8,52,53,52,52,53,52,0,0,0
192192,94,91,95,14,16,13,14,16,13,0,0,0
192271,99,97,99,24,27,24,24,27,23,0,0,1
192323,75,73,77,11,12,10,11,12,10,0,0,0
192448,90,89,90,10,11,10,10,11,10,0,0,0
192509,73,70,74,48,35,52,48,35,52,0,0,0
192624,95,95,,66,66,,66,66,,0,0,
192703,78,75,82,8,11,6,8,11,6,0,0,0
192712,40,44,38,25,26,23,25,26,23,0,0,0
192749,85,81,87,10,13,8,10,13,8,0,0,0
192785,61,50,62,29,50,28,19,25,18,11,25,10
192800,100,,100,0,,0,0,,0,0,,0
192819,65,71,61,19,19,20,19,19,20,0,0,0
192864,79,67,83,8,7,8,8,7,8,0,0,0
192961,100,100,100,50,100,0,50,100,0,0,0,0
193016,85,81,88,16,17,15,16,17,15,0,0,0
193052,90,90,,86,86,,86,86,,0,0,
193061,63,63,,100,100,,100,100,,0,0,
193070,61,61,,100,100,,100,100,,0,0,
193247,78,73,,77,100,,77,100,,0,0,
193292,76,77,75,14,12,15,14,12,15,0,0,0
193308,66,72,62,35,35,35,33,34,32,2,1,3
193353,82,78,85,10,11,10,10,11,9,0,0,0
193399,85,80,87,15,14,16,15,14,16,0,0,0
193584,79,75,81,16,14,17,16,14,17,0,0,0
193609,71,67,89,83,50,100,83,50,100,0,0,0
193654,63,60,63,26,26,26,25,25,26,1,1,1
193900,9,9,9,54,58,52,54,57,52,0,0,0
193973,85,81,88,16,16,17,16,16,17,0,0,0
194091,78,76,80,10,12,8,10,11,7,1,1,0
194116,60,57,61,30,15,32,19,0,21,11,15,11
194310,77,72,79,9,10,8,9,10,8,0,0,0
194392,91,91,91,16,19,12,16,19,12,0,0,0
194499,30,30,30,55,55,55,55,55,55,0,0,0
194569,33,33,33,100,100,100,100,100,100,0,0,0
194578,53,48,55,18,20,17,18,20,17,0,0,0
194657,100,100,,100,100,,100,100,,0,0,
194693,93,93,,100,100,,100,100,,0,0,
194718,100,100,,100,100,,100,100,,0,0,
194736,100,100,,100,100,,100,100,,0,0,
194763,98,98,,98,98,,98,98,,0,0,
194824,58,59,58,16,16,16,16,16,16,0,0,0
194958,78,74,81,21,25,18,20,24,18,0,0,0
195003,71,71,73,18,19,15,18,19,15,0,0,0
195030,36,31,40,20,22,18,20,22,18,0,0,0
195128,76,71,79,15,17,14,15,17,14,0,0,0
195164,82,81,82,16,19,14,16,19,14,0,0,0
195191,45,100,40,20,0,25,20,0,25,0,0,0
195216,58,55,61,17,19,16,17,19,16,0,0,0
195234,73,66,77,14,16,13,14,16,13,0,0,0
195243,82,79,86,13,14,12,13,14,12,0,0,0
195304,59,63,58,14,13,15,14,13,15,0,0,0
195474,71,70,71,13,14,12,13,14,12,0,0,0
195526,23,23,23,26,26,27,26,26,27,0,0,0
195544,71,68,73,14,15,13,14,15,13,0,0,0
195702,100,100,,0,0,,0,0,,0,0,
195720,68,65,69,20,20,19,20,20,19,0,0,0
195809,80,76,82,13,16,12,13,16,12,0,0,0
196006,82,85,78,20,23,15,19,23,15,0,0,0
196015,96,96,97,14,15,14,14,15,13,1,0,1
196024,88,87,90,16,19,12,16,19,12,0,0,0
196033,83,81,85,20,22,19,20,22,19,0,0,0
196042,69,71,67,26,29,21,25,28,21,1,1,1
196051,91,91,92,16,13,19,16,13,19,0,0,0
196060,70,67,72,13,14,13,13,14,13,0,0,0
196079,38,36,39,17,18,16,17,18,16,0,0,0
196088,69,68,71,16,18,14,16,18,14,0,0,0
196097,49,46,51,14,16,13,14,16,13,0,0,0
196103,83,78,87,14,13,13,13,13,13,0,0,0
196112,78,78,80,10,11,9,10,11,9,0,0,0
196121,71,68,74,16,17,16,16,17,16,0,0,0
196130,76,65,84,12,15,10,12,15,10,0,0,0
196149,51,43,57,15,17,14,15,17,14,0,0,0
196158,79,76,82,14,15,13,14,15,13,0,0,0
196167,64,57,67,11,12,11,11,12,11,0,0,0
196176,59,51,64,12,12,12,12,12,12,0,0,0
196185,70,65,74,14,14,13,14,14,13,0,0,0
196194,80,79,81,10,12,9,10,12,9,0,0,0
196200,85,83,87,13,15,12,13,15,12,0,0,0
196219,73,67,77,15,17,14,15,17,13,0,0,0
196237,85,83,86,13,15,12,13,15,12,0,0,0
196246,75,74,76,12,15,11,12,15,11,0,0,0
196291,79,79,74,22,24,11,22,24,11,0,0,0
196413,42,42,41,21,22,20,21,21,20,0,0,0
196431,78,78,,63,63,,63,63,,0,0,
196440,100,100,,100,100,,100,100,,0,0,
196583,65,65,,64,64,,64,64,,0,0,
196592,63,63,63,51,51,51,41,42,40,10,9,11
196653,83,79,83,38,40,38,28,40,27,10,0,11
196866,44,43,45,14,13,14,14,13,14,0,0,0
197027,32,33,31,61,62,59,61,62,59,0,0,0
197036,14,16,10,76,77,72,76,77,72,0,0,0
197045,87,85,89,17,20,15,17,20,15,0,0,0
197133,18,22,16,32,31,33,32,31,33,0,0,0
197142,87,86,87,31,39,26,27,33,24,4,7,2
197151,91,88,92,24,25,23,24,25,23,0,0,0
197197,83,81,85,20,21,20,20,21,20,0,0,0
197221,20,20,22,73,78,60,73,78,60,0,0,0
197230,70,61,74,12,16,11,12,16,11,0,0,0
197285,95,96,93,24,26,22,23,25,21,1,1,1
197647,70,70,,73,73,,73,73,,0,0,
197692,92,92,,78,78,,78,78,,0,0,
197708,64,60,68,59,62,56,59,62,56,0,0,0
197735,94,94,,100,100,,100,100,,0,0,
197744,52,52,,100,100,,100,100,,0,0,
197869,89,86,90,20,21,19,20,21,19,0,0,0
197911,96,96,96,13,17,10,13,17,10,0,0,0
197984,90,87,93,15,18,12,15,18,12,0,0,0
197993,34,,34,20,,20,20,,20,0,,0
198066,40,43,36,23,27,19,23,27,19,0,0,0
198109,49,50,49,77,100,77,61,100,60,16,0,17
198136,94,93,95,17,21,15,16,19,15,1,2,0
198215,78,73,83,16,16,15,16,16,15,0,0,0
198303,72,68,77,9,14,6,9,14,6,0,0,0
198385,14,14,15,49,49,49,49,49,49,0,0,0
198419,7,7,7,55,54,57,55,54,57,0,0,0
198464,90,89,91,20,22,18,19,22,18,0,0,0
198507,70,67,73,9,14,7,9,14,7,0,0,0
198516,67,66,68,13,15,12,13,15,12,0,0,0
198543,80,75,83,20,21,19,19,20,19,1,1,1
198561,87,86,88,10,11,10,10,11,10,0,0,0
198598,92,91,93,7,11,4,7,11,4,0,0,0
198613,84,95,96,12,12,11,12,12,11,0,0,0
198695,77,75,78,12,15,10,12,15,10,0,0,0
198756,43,44,42,15,19,14,15,19,14,0,0,0
198808,81,78,82,14,15,13,14,15,13,0,0,0
198835,81,82,80,7,9,7,7,9,7,0,0,0
198862,74,71,76,8,11,5,8,11,5,0,0,0
198871,32,34,27,100,100,100,100,100,99,0,0,1
198899,78,78,78,29,32,26,29,31,26,0,1,0
198950,75,,75,28,,28,28,,28,0,,0
198969,75,73,81,17,17,16,17,17,16,0,0,0
199032,66,65,67,14,19,10,14,19,10,0,0,0
199069,78,75,80,20,21,20,20,21,19,0,0,1
199102,46,44,47,19,23,18,19,23,18,0,0,0
199111,94,92,95,12,13,12,12,13,12,0,0,0
199120,19,18,19,43,41,45,43,41,45,0,0,0
199139,80,78,82,25,28,22,24,28,22,0,1,0
199148,90,88,91,23,24,24,23,23,23,0,0,0
199157,90,87,92,11,12,11,11,11,11,0,0,0
199184,33,33,33,47,44,48,47,44,48,0,0,0
199193,40,35,44,36,40,33,35,39,33,1,1,0
199209,78,75,84,13,13,14,13,13,13,0,0,1
199218,74,68,77,21,22,20,21,22,20,0,0,0
199272,97,97,98,13,18,9,13,18,9,0,0,0
199281,92,91,93,13,14,13,12,14,12,1,0,1
199306,95,95,95,13,17,9,13,17,9,0,0,0
199412,68,68,67,14,17,12,14,17,12,0,0,0
199458,76,74,79,21,23,18,20,22,18,0,1,0
199582,59,55,62,9,12,6,8,11,6,1,1,0
199607,87,,87,9,,9,9,,9,0,,0
199643,30,30,31,6,9,4,6,9,4,0,0,0
199759,77,69,88,81,88,72,43,48,37,38,40,35
199847,22,22,21,37,36,38,37,36,38,0,0,0
199865,78,64,86,27,25,27,27,25,27,0,0,0
199962,85,82,87,4,5,3,4,5,3,0,0,0
199999,69,65,70,14,13,14,14,13,14,0,0,0
200004,87,83,89,13,15,12,13,15,12,0,0,0
200059,60,56,63,45,46,45,41,44,39,5,3,6
200156,94,94,92,26,25,26,26,25,26,0,0,0
200217,78,79,78,45,46,45,45,46,45,0,0,0
200253,72,74,71,68,63,73,66,61,71,2,2,2
200280,77,72,83,31,30,32,30,29,31,1,1,1
200332,96,95,96,32,35,29,31,34,29,0,0,0
200484,36,34,38,69,65,70,66,65,66,3,0,5
200572,69,67,72,57,54,60,51,51,51,6,3,9
200785,94,91,94,69,70,69,40,60,39,29,10,30
200800,71,67,75,20,21,18,19,21,18,0,1,0
200846,81,80,81,55,60,52,50,52,49,4,7,3
201061,33,21,36,16,19,5,16,19,5,0,0,0
201104,81,81,80,18,19,17,18,19,16,0,0,0
201177,41,83,38,55,50,56,41,40,41,14,10,15
201195,77,82,73,22,23,21,22,23,21,0,0,0
201371,61,58,74,11,10,13,11,10,13,0,0,0
201441,81,79,81,21,22,20,21,22,20,0,0,0
201539,63,20,88,100,100,100,100,100,100,0,0,0
201548,73,68,77,13,17,10,13,17,10,0,0,0
201645,29,29,29,14,14,14,14,14,14,0,0,0
201654,63,68,60,30,33,28,30,33,28,0,0,0
201690,46,38,43,38,62,43,35,56,39,3,6,3
201821,50,50,50,31,12,33,28,12,29,4,0,4
201885,88,88,87,24,26,22,24,26,22,0,0,0
201964,40,40,40,38,40,37,27,28,26,11,12,11
202046,56,48,59,23,30,21,23,30,21,0,0,0
202073,38,40,37,28,31,27,28,31,27,0,0,0
202134,95,95,96,16,20,14,16,20,14,0,0,0
202170,72,59,74,31,30,27,31,30,27,0,0,0
202480,62,56,68,14,14,13,13,14,13,0,0,0
202514,42,46,33,20,18,28,20,18,28,0,0,0
202523,17,16,18,26,26,25,26,26,25,0,0,0
202763,86,85,87,19,19,19,19,19,19,0,0,0
202903,64,51,79,65,79,54,56,64,50,9,15,4
202912,17,22,16,100,100,100,59,75,57,41,25,43
202985,50,0,52,100,,100,58,,58,42,,42
203030,100,100,100,100,100,100,100,100,100,0,0,0
203085,68,67,69,19,18,20,19,18,20,0,0,0
203128,93,91,96,13,13,13,13,13,13,0,0,0
203368,81,78,85,16,16,16,16,16,16,0,0,0
203386,69,78,68,80,84,79,80,84,79,0,0,0
203517,87,85,88,22,21,23,22,21,23,0,0,0
203535,31,27,34,18,18,18,18,18,18,0,0,0
203544,83,100,79,30,15,34,29,15,33,1,0,1
203580,64,66,61,24,30,18,24,30,18,0,0,0
203757,74,70,77,17,15,19,17,15,19,0,0,0
203775,76,73,78,22,23,20,22,23,20,0,0,0
203845,79,77,80,16,18,14,16,18,14,0,0,0
203960,43,48,42,43,50,42,26,43,24,17,7,18
204024,82,81,83,14,15,13,14,15,13,0,0,0
204176,57,67,57,39,0,42,39,0,42,0,0,0
204185,80,76,86,20,20,21,20,20,21,0,0,0
204194,84,83,85,28,30,28,28,29,27,0,0,0
204200,57,58,55,26,24,30,26,24,30,0,0,0
204264,82,78,87,17,15,20,17,15,20,0,0,0
204468,80,79,82,9,11,7,9,11,7,0,0,0
204501,33,29,36,21,23,20,21,23,20,0,0,0
204617,85,82,88,18,21,15,17,21,15,0,0,0
204635,73,73,74,18,20,15,18,20,15,0,0,0
204796,51,50,52,23,22,23,23,22,23,0,0,0
204857,85,82,87,21,21,21,21,21,21,0,0,0
204893,100,,100,100,,100,100,,100,0,,0
204909,51,44,58,15,14,15,15,14,15,0,0,0
204936,83,85,82,18,17,18,18,17,18,0,0,0
205027,83,83,,80,80,,80,80,,0,0,
205054,71,71,72,42,30,43,42,30,43,0,0,0
205124,81,81,,62,62,,62,62,,0,0,
205391,92,90,93,20,22,20,17,18,17,3,4,2
205957,72,71,73,41,44,39,40,43,38,1,1,1
206048,80,80,80,13,11,16,12,11,15,1,0,1
206084,95,94,96,20,21,19,20,20,19,0,0,0
206349,84,74,85,22,7,23,22,7,23,0,0,0
206437,78,76,80,19,21,16,19,21,16,0,0,0
206491,53,54,52,3,4,2,3,4,2,1,1,0
206507,85,81,88,16,18,15,16,18,15,0,0,0
206525,91,91,100,14,17,12,14,17,12,0,0,0
206589,54,50,60,12,12,12,12,12,12,0,0,0
206604,95,95,96,17,16,18,17,16,18,1,1,1
206622,88,87,88,8,9,8,8,9,8,0,0,0
206695,80,79,81,28,34,25,28,33,24,1,1,1
206835,77,79,74,37,33,44,36,32,43,1,1,1
206941,82,82,82,47,44,49,44,41,47,2,3,2
207041,66,69,65,49,93,34,47,91,33,1,2,1
207157,45,49,37,68,69,67,65,66,63,4,3,4
207263,99,99,99,48,51,46,47,50,45,2,1,2
207306,66,69,64,40,42,37,39,42,36,0,0,1
207324,97,94,99,24,31,19,24,31,19,0,0,0
207388,71,73,69,34,35,32,33,34,31,1,1,1
207403,56,84,48,21,21,28,21,21,28,0,0,0
207458,70,69,71,37,32,41,37,32,41,0,0,0
207500,77,74,78,30,33,29,26,28,25,4,4,4
207582,99,99,99,24,23,24,20,19,21,4,4,3
207722,56,44,61,33,36,32,33,36,32,0,0,0
207847,80,77,83,54,54,54,49,51,48,5,3,6
207865,100,100,100,44,44,43,41,42,40,2,2,3
207971,58,64,54,15,18,14,15,16,13,1,1,1
208479,96,100,95,73,80,73,73,80,73,0,0,0
208512,87,67,92,100,100,100,100,100,100,0,0,0
208646,99,98,99,19,24,15,18,24,14,1,1,1
208725,66,69,67,48,44,50,29,44,17,19,0,33
208822,96,96,96,17,18,16,17,18,16,0,0,0
209056,75,70,76,12,12,11,12,12,11,0,0,0
209065,88,87,88,20,22,18,20,22,18,0,0,0
209241,100,100,,100,100,,100,100,,0,0,
209287,50,48,51,37,46,28,37,46,28,0,0,0
209409,66,60,71,17,23,13,17,23,13,0,0,0
209506,92,93,91,9,11,8,9,11,7,1,1,1
209542,79,77,80,20,22,19,18,20,16,3,3,3
209551,85,83,87,15,16,14,15,15,14,0,0,0
209603,69,56,68,26,38,19,26,38,19,0,0,0
209612,92,92,92,15,17,15,15,17,15,0,0,0
209807,91,90,92,20,23,18,18,20,16,2,2,1
209825,95,95,95,8,10,8,8,9,8,0,0,0
209922,27,21,30,13,15,10,13,15,10,0,0,0
210146,83,81,82,22,23,20,21,21,19,1,2,1
210304,59,54,61,5,7,5,5,6,4,0,1,0
210331,90,91,89,29,32,27,29,32,27,0,0,0
210401,79,76,81,16,15,14,16,15,14,0,0,0
210429,99,99,99,23,25,22,22,24,21,1,1,1
210492,74,62,83,17,24,13,17,24,13,0,0,0
210571,86,81,90,8,9,7,8,9,7,0,0,0
210669,59,52,65,10,10,9,10,10,9,0,0,0
210739,79,75,80,16,17,15,15,17,15,0,0,0
210775,62,57,68,12,13,11,12,13,11,0,0,0
211024,90,85,100,36,28,49,35,27,46,2,1,3
211088,79,73,83,8,10,7,8,10,7,0,0,0
211273,31,,31,35,,35,35,,35,0,,0
211291,32,29,35,29,29,30,29,29,30,0,0,0
211352,69,69,69,4,5,4,4,5,4,0,0,0
211431,87,82,88,20,15,21,19,15,20,1,0,1
211440,11,9,15,44,47,42,44,47,42,0,0,0
211468,99,100,99,14,5,14,14,5,14,0,0,0
211477,26,40,24,61,70,55,27,35,20,34,35,34
211556,70,79,70,11,11,12,11,11,12,0,0,0
211583,79,76,81,9,11,7,8,11,7,0,0,1
211635,100,100,100,76,100,73,76,100,73,0,0,0
211802,43,63,40,88,60,95,88,60,95,0,0,0
211893,7,8,6,81,78,85,81,78,85,0,0,0
211981,92,90,94,22,21,23,22,21,23,0,0,0
212009,43,37,48,17,19,16,17,19,16,0,0,0
212054,78,76,79,9,10,8,9,10,8,0,0,0
212106,79,76,81,13,14,13,13,14,13,0,0,0
212115,93,92,93,20,20,20,20,20,20,0,0,0
212133,94,92,96,19,23,17,17,21,15,2,2,2
212197,77,73,79,19,20,19,19,20,19,0,0,0
212577,32,29,34,19,20,18,19,20,18,0,0,0
212601,77,74,81,13,10,15,13,10,15,0,0,0
212674,48,43,52,18,19,17,18,19,17,0,0,0
212805,73,72,75,37,40,35,37,40,35,0,0,0
212832,94,94,94,18,23,16,18,23,16,0,0,0
212911,13,11,14,45,44,46,45,44,46,0,0,0
212984,74,68,78,24,26,23,24,26,23,0,0,0
213011,78,74,81,18,19,18,18,19,17,1,0,1
213020,91,90,92,24,25,23,23,24,23,0,1,0
213163,74,100,75,67,75,69,67,75,69,0,0,0
213233,96,98,90,77,77,74,74,75,70,2,2,4
213251,72,66,77,19,21,17,19,21,17,0,0,0
213303,80,80,79,13,14,12,13,14,12,0,0,1
213321,93,92,94,13,15,11,13,15,11,0,0,0
213349,95,94,96,21,20,21,21,20,21,0,0,0
213358,78,73,83,11,11,10,11,11,10,0,0,0
213367,86,86,86,11,11,11,11,11,11,0,0,0
213385,31,30,34,22,25,20,22,25,20,0,0,0
213400,95,91,99,48,53,43,47,52,43,1,1,0
213507,75,74,75,20,20,19,20,20,19,0,0,0
213543,29,28,31,28,30,27,28,30,27,0,0,0
213598,78,71,82,12,14,11,11,13,11,0,1,0
213622,86,50,100,100,100,100,100,100,100,0,0,0
213668,68,60,76,13,14,13,13,14,13,0,0,0
213774,96,93,97,15,20,13,14,18,12,1,1,1
213826,84,84,84,16,18,15,16,17,15,0,1,0
213914,73,89,71,60,50,61,60,50,61,0,0,0
213987,83,79,87,20,19,20,20,19,20,0,0,0
213996,78,78,79,32,32,32,32,32,32,0,0,0
214023,100,100,100,100,100,100,100,100,100,0,0,0
214041,89,88,90,19,18,20,18,17,19,1,0,1
214069,85,83,86,19,19,19,19,19,19,0,0,0
214148,61,,61,14,,14,14,,14,0,,0
214157,54,43,64,19,18,19,19,18,19,0,0,0
214166,90,85,95,15,10,19,15,10,19,0,0,0
214175,64,58,69,15,17,14,15,17,14,0,0,0
214272,76,70,80,11,13,11,11,13,11,0,0,0
214476,41,40,83,93,83,95,73,50,77,20,33,18
214528,50,49,57,74,69,92,74,69,92,0,0,0
214591,96,96,96,19,22,15,19,21,15,0,0,0
214625,93,94,93,21,25,17,21,25,16,0,0,0
214634,91,92,90,38,38,39,36,37,36,2,1,3
214643,95,95,94,15,17,11,15,17,11,0,0,0
214652,95,95,95,11,15,8,11,15,8,0,0,0
214670,94,95,94,16,19,14,16,19,14,0,0,0
214689,97,97,97,12,16,10,12,16,10,0,0,0
214698,92,92,93,11,12,9,11,12,9,0,0,0
214704,97,97,97,10,12,9,10,12,9,0,0,0
214713,96,96,96,12,14,10,12,14,10,0,0,0
214731,95,95,95,19,23,14,19,22,14,0,0,0
214740,93,94,92,22,26,18,22,26,18,0,0,0
214759,92,91,92,17,23,13,17,23,13,0,0,0
214768,91,93,91,31,35,26,31,35,26,0,0,0
214777,54,52,56,19,22,18,19,22,17,0,0,0
214786,95,94,96,23,26,18,22,26,18,0,0,0
214795,90,88,91,24,28,23,24,28,23,0,0,0
214801,92,92,92,15,18,12,15,18,12,0,0,0
214810,91,88,92,21,30,18,21,29,18,0,0,0
214829,92,92,92,10,12,8,10,11,8,0,0,0
214892,73,92,60,64,71,55,64,71,55,0,0,0
214971,88,88,85,11,12,11,11,12,11,0,0,0
215053,46,32,52,31,36,29,30,36,29,0,0,0
215062,6,6,6,69,70,69,69,70,69,0,0,0
215105,78,77,77,23,29,20,23,29,20,0,0,0
215114,84,83,84,62,59,65,61,58,64,1,1,1
215266,91,92,90,7,7,6,7,7,6,0,0,0
215275,98,98,98,13,16,12,13,16,12,0,0,0
215284,96,96,96,15,18,13,15,18,13,0,0,0
215293,50,46,52,16,16,16,16,16,16,0,0,0
215309,45,33,45,52,100,50,52,100,50,0,0,0
215390,49,69,74,60,78,56,46,56,44,15,22,13
215442,98,97,98,10,12,9,10,12,9,0,0,0
215594,20,8,23,100,100,100,85,100,84,15,0,16
215637,95,95,95,55,51,59,55,51,59,0,0,0
215655,91,90,91,12,14,10,12,14,10,0,0,0
215682,77,76,81,71,72,62,71,72,62,0,0,0
215691,75,68,78,9,12,7,8,11,6,1,1,1
215743,77,73,80,22,24,20,22,24,20,0,0,0
215770,86,86,87,16,17,15,16,17,15,0,0,0
215798,59,52,72,21,23,18,21,23,18,0,0,0
215929,84,86,83,13,13,13,13,13,13,0,0,0
215947,76,71,80,17,18,17,17,18,17,0,0,0
215974,65,100,64,100,100,100,74,100,72,26,0,28
215992,93,90,95,72,77,69,72,77,69,0,0,0
216010,86,85,86,20,21,18,19,21,18,0,0,0
216038,75,74,75,34,36,32,34,36,32,0,0,0
216047,100,100,,100,100,,100,100,,0,0,
216083,99,98,100,67,68,66,58,68,53,9,0,13
216278,79,76,81,12,13,12,12,13,12,0,0,0
216287,7,8,6,42,42,41,42,42,41,0,0,0
216296,53,52,60,69,70,62,69,70,62,0,0,0
216311,76,76,,92,92,,92,92,,0,0,
216339,83,82,84,12,13,12,12,13,12,0,0,0
216357,71,66,79,14,13,16,14,13,16,0,0,0
216366,86,88,86,15,15,15,15,15,15,0,0,0
216524,87,85,90,13,15,12,13,15,12,0,0,0
216542,78,77,79,30,28,33,30,28,32,0,0,1
216597,25,25,25,30,30,30,29,29,30,1,1,0
216667,82,77,86,12,15,10,12,15,10,0,0,0
216694,92,91,94,20,17,25,20,17,25,0,0,0
216764,79,77,81,24,26,22,24,26,22,0,0,0
216773,96,100,96,70,60,73,70,60,73,0,0,0
216807,86,82,92,14,12,16,14,12,16,0,0,0
216852,84,81,86,15,13,16,15,13,16,0,0,0
216931,91,89,94,9,8,9,9,8,9,0,0,0
216940,30,30,,79,79,,79,79,,0,0,
217013,90,92,89,20,20,20,19,19,18,2,0,2
217040,100,100,,93,93,,93,93,,0,0,
217059,94,94,94,17,19,16,17,19,16,0,0,0
217156,5,7,4,63,63,63,63,63,63,0,0,0
217165,66,62,71,15,18,12,15,18,12,0,0,0
217235,84,81,85,14,15,14,14,15,14,0,0,0
217305,73,82,62,27,31,20,27,31,20,0,0,0
217402,49,52,46,20,19,20,20,19,20,0,0,0
217420,81,78,83,20,21,20,20,20,20,0,0,0
217484,77,74,79,17,18,16,17,18,16,0,0,0
217493,14,19,12,51,50,52,51,50,52,0,0,0
217518,88,86,89,14,15,14,14,15,14,0,0,0
217536,70,69,70,14,14,14,14,14,14,0,0,0
217624,32,27,41,14,18,12,14,18,12,0,0,0
217633,53,55,52,34,37,32,34,37,32,0,0,0
217688,76,76,76,16,17,15,16,17,15,0,0,0
217721,67,69,66,6,8,5,6,8,5,0,0,0
217776,100,100,100,34,34,33,33,34,33,0,1,0
217819,72,64,75,14,15,13,14,15,13,0,0,0
217864,98,98,97,23,26,14,23,26,14,0,0,0
217873,73,70,73,9,9,9,9,9,9,0,0,0
217882,38,37,39,20,22,18,20,22,18,0,0,0
217907,97,96,98,16,21,13,16,21,12,0,0,0
217925,98,97,98,32,39,26,32,39,26,0,0,0
217934,96,95,96,10,10,10,9,10,9,1,0,1
217961,64,52,69,13,14,13,13,14,13,0,0,0
217998,61,64,53,47,52,35,46,51,34,1,2,1
218061,82,82,82,22,26,20,22,26,20,0,0,0
218070,53,47,57,14,15,13,14,15,13,0,0,0
218229,68,65,69,24,28,23,24,28,22,0,0,0
218238,98,98,98,11,13,8,10,13,8,1,1,1
218414,75,73,76,15,19,12,15,19,12,0,0,0
218441,63,68,59,22,23,20,21,23,19,0,0,1
218539,72,69,75,11,12,10,11,12,10,0,0,0
218645,80,78,81,27,30,25,26,30,25,0,0,0
218654,69,63,72,26,34,24,26,33,24,1,1,0
218663,61,57,65,25,26,25,25,26,25,0,0,0
218672,76,80,72,70,72,68,69,71,67,1,1,1
218681,76,79,74,29,34,25,28,33,23,2,1,2
218690,76,81,74,61,64,59,60,63,58,1,1,1
218706,70,76,64,66,74,55,65,73,55,1,1,0
218724,80,77,83,19,20,18,19,20,18,0,0,0
218733,82,83,81,13,16,12,13,15,11,1,1,0
218742,70,67,71,27,29,26,27,29,26,0,0,0
218821,81,77,84,28,35,25,28,34,24,0,0,1
218964,75,73,76,20,20,19,20,20,19,0,0,0
218973,59,52,65,21,23,19,21,23,19,0,0,0
219000,59,52,67,23,21,25,23,21,24,0,0,0
219046,94,95,94,32,34,31,30,32,28,2,2,3
219082,98,98,97,41,47,33,40,46,32,1,1,0
219091,73,72,73,22,20,24,22,20,24,0,0,0
219198,48,46,51,26,23,31,24,19,31,2,4,0
219240,74,63,88,15,33,0,0,0,0,15,33,0
219259,93,92,93,32,33,31,30,31,30,1,1,1
219347,85,86,83,38,40,31,37,39,30,1,1,0
219356,99,99,99,39,40,39,38,39,37,1,1,1
219383,82,83,82,15,16,15,15,16,15,0,0,0
219471,99,98,99,26,23,27,25,23,26,1,1,1
219602,96,96,96,31,33,30,27,27,27,4,6,3
219639,68,75,67,42,33,43,37,25,38,5,8,4
219709,96,95,97,19,21,18,19,21,18,0,0,0
219718,97,96,98,12,18,9,11,17,8,1,1,1
219806,68,67,70,18,23,14,18,22,14,0,1,0
219833,88,89,88,20,19,21,20,19,21,0,0,0
219903,73,67,74,80,82,80,80,82,80,0,0,0
219949,67,65,68,36,44,31,36,43,31,0,0,0
219976,67,65,68,25,26,25,25,26,25,0,0,0
220075,87,86,88,25,27,24,24,27,23,1,1,0
220181,58,49,65,7,8,7,7,8,7,0,0,0
220215,91,92,90,28,33,25,27,33,25,0,0,0
220464,84,100,80,69,100,60,62,100,50,8,0,10
220473,54,52,55,55,53,57,52,48,54,3,5,2
220516,54,54,55,26,31,22,25,30,22,0,1,0
220604,97,96,98,77,84,73,63,68,59,15,16,14
220613,72,72,72,36,38,35,35,37,34,0,0,0
220631,59,53,62,15,17,15,15,17,14,1,0,1
220701,83,85,82,36,46,32,36,46,31,0,0,0
220710,66,60,70,17,19,16,17,19,16,0,0,0
220862,93,92,94,18,20,17,17,19,16,0,0,0
220978,68,68,68,31,35,28,31,35,27,1,1,1
221351,50,45,53,16,18,15,16,18,15,0,0,0
221519,51,45,57,18,19,16,18,19,16,0,0,0
221661,67,69,72,42,44,40,41,43,40,0,1,0
221731,59,58,60,29,35,25,29,35,25,0,0,0
221740,77,80,77,34,38,32,34,38,31,0,0,0
221759,46,46,46,29,32,26,29,32,26,0,0,0
221768,87,85,89,25,28,23,25,28,23,0,0,0
221838,93,90,94,15,16,14,15,16,14,0,1,0
221847,83,85,81,27,31,24,27,31,24,0,0,0
221892,70,63,74,27,31,26,27,31,26,0,0,0
221953,60,65,76,47,55,38,46,55,36,1,0,2
221971,47,51,45,23,27,21,22,26,20,1,1,1
221999,6,7,6,57,57,57,57,57,57,0,0,0
222178,64,58,68,13,14,12,13,14,12,0,0,0
222831,79,79,80,39,43,36,39,43,36,1,1,0
222983,47,40,53,12,14,11,12,14,11,0,0,0
223083,0,,0,,,,,,,,,
223117,23,20,33,100,100,100,0,0,0,100,100,100
223232,51,55,48,16,16,17,16,16,17,0,0,0
223472,83,67,84,53,100,51,53,100,51,0,0,0
224004,91,86,94,12,14,11,11,12,10,1,2,1
224147,89,89,90,22,23,21,21,22,20,1,1,1
224226,91,90,92,8,9,7,8,9,7,0,0,0
224244,84,84,84,34,36,30,33,36,30,0,1,0
224323,54,51,57,15,15,15,15,15,15,0,0,0
224527,60,63,57,38,36,40,37,36,39,1,0,2
224545,80,79,81,18,17,19,17,16,18,1,0,1
224554,93,91,94,15,17,14,15,16,14,1,1,1
225201,98,98,100,99,99,100,99,99,100,0,0,0
225247,97,96,97,15,20,12,15,20,11,0,0,0
225399,85,81,87,9,11,9,9,10,8,1,1,1
225414,75,72,78,25,27,23,20,23,19,5,5,5
225432,91,88,92,24,28,21,21,25,19,2,3,2
225502,77,74,79,12,14,11,10,12,9,2,2,2
225511,70,68,71,27,28,26,25,26,24,2,2,2
225548,68,66,69,24,29,21,21,22,20,3,7,1
225627,93,92,94,10,10,10,10,10,10,0,0,0
225991,62,65,58,67,71,62,67,71,62,0,0,0
226091,86,82,88,25,27,24,23,25,22,2,2,1
226152,46,44,48,36,42,33,36,41,32,0,1,0
226231,41,44,37,24,28,19,23,27,18,1,0,1
226383,73,73,77,22,27,20,22,27,20,0,0,0
226471,95,94,96,8,10,6,8,10,6,0,0,0
226587,58,56,59,11,14,9,11,14,9,0,0,0
226833,87,86,89,16,17,15,15,16,15,0,1,0
227216,72,69,75,26,28,25,25,27,24,1,1,1
227368,85,82,87,49,52,47,38,40,37,11,13,10
227429,34,32,34,15,16,14,13,15,12,2,2,2
227526,75,72,77,32,31,32,31,30,31,1,1,1
227757,8,8,8,46,46,46,46,46,46,0,0,0
227845,84,81,85,14,16,13,14,16,13,0,0,0
227863,93,92,94,45,44,46,45,43,46,1,1,1
227881,85,82,87,24,26,23,23,24,22,1,2,1
228042,88,88,88,15,17,14,15,17,14,0,0,0
228149,89,86,91,11,13,10,11,13,10,0,0,0
228246,61,59,64,17,19,16,17,19,16,0,0,0
228325,84,82,87,55,54,56,54,53,55,2,2,1
228343,39,34,43,16,17,14,16,17,14,0,0,0
228431,88,86,90,19,21,17,18,21,17,0,0,0
228459,89,87,91,24,24,23,23,23,23,1,1,1
228468,56,57,55,20,17,21,19,17,21,0,0,0
228501,96,96,95,22,26,17,21,25,16,1,1,1
228529,94,92,96,33,35,32,30,32,30,2,2,2
228705,92,90,94,16,19,14,16,19,14,0,0,0
228723,63,63,63,43,44,42,37,38,37,5,6,5
228769,81,80,82,28,30,26,25,27,23,3,3,3
228778,29,25,33,49,49,49,48,48,48,1,1,1
228787,65,63,68,22,24,19,21,23,18,1,1,1
228796,100,100,100,35,36,35,28,29,27,7,7,7
228802,92,89,93,26,29,25,22,23,21,4,6,4
228875,43,38,46,28,29,28,28,29,28,0,0,0
228981,95,94,96,20,20,19,20,20,19,0,0,0
229018,84,82,86,46,48,46,44,45,43,3,3,3
229027,88,86,90,30,32,28,25,26,23,5,5,5
229063,93,93,94,23,23,22,21,21,21,2,2,1
229115,71,71,71,30,30,30,30,30,29,0,0,0
229160,62,62,63,17,20,15,17,20,14,0,0,0
229179,95,93,95,20,20,20,20,20,20,0,1,0
229267,28,27,29,20,22,20,20,22,20,0,0,0
229780,54,56,53,27,33,21,23,28,18,4,4,4
229814,97,97,98,27,29,27,27,28,26,1,0,1
230038,69,62,75,80,80,80,77,77,77,3,3,2
230047,38,54,30,70,66,73,69,65,73,0,0,0
230603,80,80,81,15,13,16,14,12,15,1,1,1
230728,94,94,94,24,21,27,22,19,24,2,2,3
230764,87,86,89,28,27,28,27,27,27,1,1,1
230807,69,66,71,13,13,12,12,13,12,0,0,0
230816,48,30,59,16,20,15,15,17,15,1,3,0
230852,67,72,63,15,22,11,15,21,10,1,1,0
230889,20,63,100,25,20,27,13,20,9,13,0,18
230959,10,10,10,45,50,41,45,50,41,0,0,0
230995,74,73,76,15,16,13,14,14,13,1,1,0
231059,92,89,94,13,13,14,13,13,14,0,0,0
231095,92,86,97,15,17,16,15,17,16,0,0,0
231165,83,86,80,22,23,20,21,23,20,0,0,0
231174,60,58,61,17,19,16,17,19,16,0,0,0
231411,61,65,43,58,59,45,58,59,45,0,0,0
231420,48,54,41,18,18,18,18,18,18,0,0,0
231554,63,72,53,27,31,22,26,30,21,1,1,1
231581,91,90,92,12,13,11,12,13,11,0,0,0
231624,33,37,30,28,27,29,28,27,29,0,0,0
231651,41,40,42,22,22,21,15,16,14,7,7,7
231712,88,86,90,19,21,17,19,21,17,0,0,0
232025,96,96,97,15,17,14,15,17,14,0,0,0
232043,100,100,100,16,19,15,16,18,15,0,0,0
232089,100,100,100,16,18,13,16,18,13,0,0,0
232186,89,87,90,22,25,20,21,24,19,1,1,1
232256,50,50,,22,22,,22,22,,0,0,
232265,48,49,48,21,23,20,20,23,19,0,0,0
232308,71,,71,9,,9,9,,9,0,,0
232423,76,72,79,18,20,17,18,20,17,0,0,0
232557,99,99,99,18,20,16,12,13,11,6,7,4
232566,85,83,86,15,13,16,15,13,16,0,0,0
232609,82,82,82,12,11,13,12,11,12,0,0,0
232618,100,,100,0,,0,0,,0,0,,0
232681,86,85,87,19,19,19,19,19,18,1,0,1
232706,81,70,78,14,24,19,14,24,19,0,0,0
232937,87,85,89,17,19,16,16,18,15,1,1,1
232982,91,89,92,20,21,19,19,20,19,0,0,0
233277,91,90,91,11,10,12,11,10,12,0,0,0
233295,83,81,85,20,20,20,20,20,20,0,0,0
233301,95,95,95,11,13,10,11,13,10,0,0,0
233338,72,72,72,34,38,30,29,35,25,5,4,5
233374,23,24,23,24,25,23,24,25,23,0,0,0
233408,17,50,14,80,100,75,80,100,75,0,0,0
233426,80,80,80,10,11,9,10,11,9,0,0,0
233541,78,86,73,17,18,15,17,18,15,0,0,0
233611,100,100,100,27,30,23,26,30,22,1,1,1
233718,72,,72,17,,17,17,,17,0,,0
233897,94,94,94,22,23,21,22,23,21,0,0,0
233921,57,54,61,27,27,26,27,27,26,0,0,0
234030,93,92,94,25,25,26,25,25,25,0,0,0
234076,17,16,18,42,41,42,42,41,42,0,0,0
234085,82,83,77,49,50,43,49,50,43,0,0,0
234155,89,86,90,15,19,14,15,19,13,0,0,0
234164,98,97,98,15,20,13,13,17,11,2,3,1
234173,71,67,74,20,22,18,20,22,18,0,0,0
234207,17,16,19,42,44,41,42,44,41,0,0,0
234827,90,89,91,25,30,22,24,28,21,1,2,1
235024,70,67,71,21,21,20,21,21,20,0,0,0
235097,92,92,92,23,24,22,22,23,22,1,1,1
235167,97,96,98,26,30,24,25,29,23,1,0,1
235316,76,75,77,17,18,17,17,18,17,0,0,0
236133,88,84,90,29,37,25,29,37,25,1,1,1
236230,81,76,84,19,18,19,19,17,19,0,0,0
236328,76,70,81,11,13,10,11,13,10,0,0,0
236452,76,63,66,10,18,15,10,18,15,0,0,0
236577,91,89,92,15,15,15,15,15,15,0,0,0
236595,76,76,76,15,15,15,15,15,15,0,0,0
236939,85,85,85,19,22,17,19,21,17,1,1,0
236948,43,38,46,26,29,24,26,29,24,0,0,0
237011,91,90,92,24,25,24,24,25,23,1,0,1
237057,50,43,56,14,16,14,14,16,14,0,0,0
237066,87,84,89,13,13,14,13,13,13,0,0,0
237136,99,97,100,77,81,73,77,81,73,0,0,0
237181,60,53,70,16,22,11,16,22,11,0,0,0
237215,87,87,87,34,33,35,33,32,33,2,1,2
237312,65,62,66,24,30,21,23,29,20,1,0,1
237330,90,87,92,21,21,20,21,21,20,0,0,0
237358,58,58,62,44,48,41,44,48,41,0,0,0
237367,99,99,99,34,40,31,33,39,29,1,1,2
237525,96,96,96,28,28,27,27,28,27,0,0,0
237561,50,53,47,97,94,100,97,94,100,0,0,0
237792,96,95,96,33,34,33,33,33,32,0,0,0
237899,96,96,97,7,9,6,7,9,6,0,0,0
237932,72,69,74,28,32,26,27,31,25,1,0,1
237950,61,60,63,50,52,48,50,52,48,0,0,0
237969,95,94,96,23,25,21,23,25,21,0,0,0
238032,86,85,88,26,27,25,26,27,25,0,0,0
238078,75,75,75,11,13,8,11,13,8,0,0,0
238096,83,0,100,100,,100,100,,100,0,,0
238193,93,,93,24,,24,24,,23,1,,1
238324,100,100,100,87,50,89,81,50,83,6,0,6
238333,57,52,64,10,10,9,10,10,9,0,0,0
238458,58,50,66,18,16,19,18,16,19,0,0,0
238476,84,82,86,11,11,12,11,11,12,0,0,0
238616,68,62,75,15,14,15,15,14,15,0,0,0
238661,95,92,96,18,17,18,17,16,18,0,0,0
238980,91,91,92,21,22,21,21,21,21,0,0,1
239017,63,57,69,15,16,15,15,16,14,0,0,0
239071,71,63,79,70,69,70,70,69,70,0,0,0
239080,67,58,73,21,22,21,19,21,18,2,1,3
239105,87,86,88,14,14,13,14,14,13,0,0,0
239309,63,62,62,30,29,27,30,29,27,0,0,0
239318,60,62,58,18,20,16,18,20,16,0,0,0
239390,93,,94,20,,19,20,,19,0,,0
239512,72,72,83,16,20,14,16,20,14,0,0,0
239628,84,82,88,13,13,14,13,13,14,0,0,0
239716,92,91,94,16,16,16,16,16,16,0,0,0
240107,73,63,79,25,25,24,25,25,24,0,0,0
240189,83,82,83,24,27,21,24,27,21,0,0,0
240268,76,72,78,28,29,27,27,29,26,0,0,0
240277,88,84,91,22,23,22,21,22,21,1,2,1
240329,73,67,78,43,47,41,43,47,40,0,0,0
240338,79,77,82,17,15,21,17,15,21,0,0,0
240365,87,84,88,22,25,21,21,24,20,1,1,1
240374,73,69,76,20,21,19,19,20,18,1,1,1
240392,94,95,94,68,68,68,31,43,29,38,25,40
240417,85,83,87,23,26,20,23,26,19,1,1,0
240426,94,92,95,12,11,13,12,11,12,0,0,0
240444,43,41,46,29,29,29,29,29,29,0,0,0
240453,88,86,90,23,24,22,22,23,22,0,0,0
240462,87,88,86,29,32,24,28,32,24,0,0,0
240471,82,76,85,22,21,23,22,21,22,0,0,0
240480,90,88,91,23,26,21,23,26,20,0,0,0
240727,97,97,98,27,26,27,26,26,27,1,0,1
241191,100,100,100,24,26,22,22,25,20,2,1,2
241225,86,91,83,96,100,93,93,100,87,3,0,5
241331,100,100,100,72,78,71,72,78,71,0,0,0
241395,85,88,84,23,10,27,22,10,26,1,0,1
241410,90,98,99,28,30,27,28,30,27,0,0,0
241720,81,93,73,100,100,100,95,96,93,5,4,7
241766,81,90,66,77,78,74,13,13,11,64,64,63
241836,96,94,97,100,100,100,71,67,72,29,33,28
241951,100,100,100,100,100,100,98,100,97,2,0,3
242042,100,100,100,93,94,89,90,92,86,3,3,2
242556,85,87,81,91,84,100,91,84,100,0,0,0
242583,76,78,72,84,84,85,75,74,77,9,10,8
242617,51,57,51,98,98,99,95,93,97,4,5,2
242626,47,52,49,99,99,98,96,97,96,2,2,2
242635,38,45,44,98,99,98,97,97,97,1,2,1
242644,66,72,68,65,74,60,63,69,59,2,4,1
242653,66,83,81,45,53,41,44,52,40,1,2,1
242662,70,75,69,43,40,45,42,40,45,1,1,0
242680,36,49,39,91,93,89,88,88,88,3,5,1
242699,49,60,51,100,99,100,97,96,98,2,3,2
242705,36,45,34,97,97,98,95,94,96,2,3,2
242945,93,89,96,93,100,88,76,76,76,17,24,12
242954,78,78,79,68,69,67,49,37,56,19,31,11
243106,82,85,80,90,94,90,90,94,90,0,0,0
243115,62,64,61,78,81,76,78,81,76,0,0,0
243133,92,91,94,90,87,93,90,87,93,0,0,0
243142,53,55,51,76,77,75,76,76,75,0,1,0
243151,96,100,94,82,79,83,82,79,83,0,0,0
243179,58,57,61,89,87,90,88,86,90,0,0,0
243188,64,64,63,48,59,41,48,59,41,0,0,0
243197,52,57,48,82,85,80,81,85,80,0,0,0
243212,56,59,53,75,83,71,75,83,71,0,0,0
243221,53,55,52,74,74,76,74,74,75,0,0,1
243443,53,53,54,50,53,49,49,51,47,2,1,2
243568,62,67,57,88,75,100,88,75,100,0,0,0
243586,97,97,97,18,19,18,18,19,18,0,0,0
243638,81,77,84,53,53,52,46,46,46,6,7,6
243665,97,98,97,41,45,39,35,38,34,5,6,5
243744,4,4,4,81,81,81,81,81,81,0,0,0
243780,50,45,59,26,26,24,25,26,24,0,0,0
243799,100,100,100,100,100,100,100,100,100,0,0,0
243832,77,76,78,89,89,89,57,55,57,32,34,31
244233,100,100,100,100,100,100,82,67,83,18,33,17
244437,100,100,100,27,31,24,19,23,17,8,9,7
245652,49,41,59,34,42,28,34,42,28,0,0,0
245777,80,80,,100,100,,100,100,,0,0,
246071,100,,100,100,,100,100,,100,0,,0
247649,44,48,38,48,48,47,34,33,36,14,15,11
247773,93,93,,100,100,,100,100,,0,0,
248633,92,100,91,100,100,100,100,100,100,0,0,0
248934,83,88,80,33,33,32,33,33,32,0,0,0
250027,86,72,90,68,54,72,67,54,71,0,0,1
260363,85,100,84,88,100,88,88,100,88,0,0,0
260813,36,50,33,100,100,100,100,100,100,0,0,0
262129,74,71,75,14,22,10,14,22,10,0,0,0
262165,85,90,67,82,78,100,64,56,100,18,22,0
262466,100,,100,100,,100,100,,100,0,,0
363934,95,96,93,21,24,15,14,16,10,7,8,5
365213,84,100,71,56,59,51,8,8,8,47,51,43
365383,56,57,56,79,75,80,79,75,80,0,0,0
365763,100,100,100,85,50,89,85,50,89,0,0,0
366711,96,95,96,16,17,15,15,16,14,1,1,1
367972,100,,100,19,,19,19,,19,0,,0
368452,43,39,47,47,45,48,47,45,48,0,0,0
369455,73,40,100,100,100,100,100,100,100,0,0,0
369668,95,91,99,75,58,91,53,44,62,22,14,29
369783,100,100,100,91,83,91,91,83,91,0,0,0
373711,100,100,100,78,100,76,78,100,76,0,0,0
375966,100,100,100,100,100,100,25,0,33,75,100,67
377218,59,58,100,44,42,100,44,42,100,0,0,0
377546,76,70,79,47,42,49,47,42,49,0,0,0
377555,92,91,92,27,30,24,26,28,23,1,2,1
377564,83,84,82,25,30,22,24,27,21,2,3,1
379621,92,100,90,73,100,67,73,100,67,0,0,0
382416,100,100,100,100,100,100,100,100,100,0,0,0
383084,84,68,93,100,100,100,82,91,77,18,9,23
384254,60,62,59,35,40,29,35,40,29,0,1,0
384421,90,90,,100,100,,100,100,,0,0,
385619,86,84,88,56,59,54,56,59,54,0,0,0
386153,88,,88,67,,67,60,,60,8,,8
386472,90,81,92,62,64,62,36,41,35,26,23,27
392354,75,67,100,100,100,100,100,100,100,0,0,0
399869,88,88,75,89,90,67,89,90,67,0,0,0
399911,70,72,68,46,49,43,46,49,43,0,0,0
405058,90,90,,100,100,,100,100,,0,0,
406422,84,100,82,77,40,81,77,40,81,0,0,0
407610,93,100,88,23,17,29,0,0,0,23,17,29
409698,95,94,95,8,9,8,8,9,8,0,0,0
414878,22,29,16,63,67,57,19,11,29,44,56,29
417327,31,25,32,100,100,100,100,100,100,0,0,0
417628,50,50,50,83,100,80,83,100,80,0,0,0
417646,70,,70,100,,100,100,,100,0,,0
417655,91,,91,80,,80,80,,80,0,,0
417682,100,100,100,80,100,79,80,100,79,0,0,0
417716,36,0,38,100,,100,100,,100,0,,0
417734,100,,100,100,,100,61,,61,39,,39
417752,50,17,75,100,100,100,100,100,100,0,0,0
417840,100,100,100,52,0,58,52,0,58,0,0,0
417868,33,17,34,100,100,100,88,100,87,13,0,13
417992,79,50,90,100,100,100,64,50,67,36,50,33
418029,100,100,100,100,100,100,100,100,100,0,0,0
418065,96,100,95,98,100,98,66,74,66,32,26,32
418427,49,33,51,61,100,58,61,100,58,0,0,0
418445,77,,77,100,,100,100,,100,0,,0
418481,41,100,37,100,100,100,100,100,100,0,0,0
418524,60,86,57,68,83,66,68,83,66,0,0,0
418588,93,100,92,100,100,100,100,100,100,0,0,0
419217,100,100,,100,100,,100,100,,0,0,
420325,42,42,,100,100,,100,100,,0,0,
421708,100,100,100,55,75,52,42,50,41,13,25,11
421841,82,83,82,22,25,21,22,25,21,0,0,0
421878,100,100,100,100,100,100,92,80,94,8,20,6
422695,50,44,55,50,50,50,50,50,50,0,0,0
426314,62,64,52,54,55,67,9,10,11,44,46,56
428170,81,78,82,62,57,66,43,33,46,20,24,20
430670,100,100,100,75,100,70,75,100,70,0,0,0
430883,31,50,25,100,100,100,100,100,100,0,0,0
430971,100,100,100,100,100,100,100,100,100,0,0,0
431266,67,100,66,50,50,50,0,0,0,50,50,50
431600,74,57,76,86,75,93,31,25,34,54,50,59
432524,61,62,61,35,18,44,34,18,42,2,0,2
433004,100,100,,100,100,,100,100,,0,0,
433040,100,100,100,100,100,100,100,100,100,0,0,0
433174,81,67,83,100,100,100,14,0,15,86,100,85
433536,89,89,89,66,63,67,61,50,64,5,13,3
433660,77,78,76,23,25,21,22,24,21,1,1,1
434362,83,81,100,100,100,100,100,100,100,0,0,0
436818,87,87,87,13,14,13,13,14,13,0,0,0
436827,87,86,87,16,19,13,16,19,13,0,0,0
436836,80,80,80,11,13,9,11,13,9,0,0,0
437237,80,82,67,60,61,50,60,61,50,0,0,0
438337,95,94,96,90,91,89,77,79,76,12,12,13
439455,68,100,66,95,67,97,67,67,67,29,0,31
439701,100,100,100,88,91,86,48,45,50,40,45,36
439862,39,36,43,25,31,20,21,23,20,4,8,0
440396,86,86,85,74,76,72,72,75,70,2,2,2
440828,68,62,73,17,21,15,14,18,12,3,3,3
441487,100,100,100,43,0,44,43,0,44,0,0,0
441609,35,35,,53,53,,53,53,,0,0,
441636,84,47,93,100,100,100,87,64,90,13,36,10
441742,100,100,100,68,58,69,60,53,61,8,5,8
441858,87,100,86,94,86,94,59,57,59,35,29,35
441900,86,85,87,35,27,38,29,21,32,5,5,5
441937,93,92,94,6,6,6,6,6,6,0,0,0
441982,22,13,42,49,56,43,49,56,43,0,0,0
442356,44,52,43,47,52,46,30,30,30,17,22,16
442426,100,,100,78,,78,56,,56,22,,22
442523,89,91,89,29,30,28,29,30,28,0,0,0
443058,100,100,100,75,100,50,0,0,0,75,100,50
443261,93,100,92,66,67,67,41,40,42,25,27,25
443410,68,67,71,34,34,34,33,34,32,1,0,2
443599,58,45,59,76,80,76,13,0,14,64,80,63
444413,70,70,,94,94,,94,94,,0,0,
444510,60,41,67,59,44,62,59,44,62,0,0,0
444866,92,100,92,57,27,62,35,13,38,22,13,24
445188,39,40,38,9,10,8,9,10,8,0,0,0
445267,87,93,29,89,91,43,21,21,29,68,70,14
445692,89,89,92,18,20,11,17,20,11,0,0,0
445708,75,70,78,12,15,11,12,15,11,0,0,0
446048,45,44,46,29,32,27,29,32,27,0,0,0
446233,48,43,58,58,59,57,56,56,57,2,3,0
446303,76,0,92,91,,91,55,,55,36,,36
446385,81,81,82,21,28,13,21,28,13,0,0,0
446561,11,32,17,96,98,96,96,98,96,0,0,0
446640,82,79,84,14,20,7,13,19,7,1,2,0
447263,89,85,90,99,100,99,81,76,82,18,24,17
447689,96,95,96,44,47,43,37,39,36,7,8,7
447953,64,78,50,89,87,91,57,61,52,31,26,39
449384,40,33,46,80,75,82,80,75,82,0,0,0
449506,93,94,92,56,63,54,56,63,54,0,0,0
449612,49,61,41,91,100,83,91,100,83,0,0,0
449658,63,63,,72,72,,72,72,,0,0,
449764,29,15,46,79,82,79,79,82,79,0,0,0
449861,72,67,72,55,33,57,55,33,57,0,0,0
449870,100,100,100,57,40,100,57,40,100,0,0,0
451352,97,100,97,57,55,57,43,55,43,13,0,15
451370,100,100,,100,100,,100,100,,0,0,
451398,98,98,,100,100,,100,100,,0,0,
451404,98,98,,98,98,,98,98,,0,0,
451413,19,16,19,100,100,100,100,100,100,0,0,0
451927,82,81,83,54,54,53,48,49,48,5,5,6
452106,100,100,100,100,100,100,100,100,100,0,0,0
454227,89,100,88,77,100,76,56,100,53,21,0,22
454236,75,100,67,100,100,100,100,100,100,0,0,0
454245,88,0,100,71,,71,43,,43,29,,29
455196,68,71,68,71,73,71,51,65,50,20,8,21
455257,66,66,,100,100,,100,100,,0,0,
455664,40,34,42,77,91,72,0,0,0,77,91,72
455770,93,86,98,28,27,29,27,27,27,1,0,2
456959,72,61,75,19,20,18,18,20,18,0,0,0
457129,100,100,100,83,100,82,67,100,64,17,0,18
457624,100,100,100,100,100,100,100,100,100,0,0,0
457800,100,100,100,54,50,54,28,50,26,26,0,29
457925,67,100,0,0,0,,0,0,,0,0,
458034,40,,,100,,,100,,,0,,
459842,89,88,90,66,71,65,39,43,38,27,29,27
459851,91,83,91,68,60,69,33,20,34,35,40,34
459949,92,90,93,14,16,13,14,15,13,1,1,1
460181,97,96,97,57,58,57,57,58,57,0,0,0
460190,91,94,90,47,53,47,47,53,47,0,0,0
460206,99,100,99,64,69,63,64,69,63,0,0,0
460349,54,57,52,64,69,60,10,4,12,55,65,48
460871,100,,100,50,,50,50,,50,0,,0
461528,100,100,100,90,90,90,25,30,20,65,60,70
461759,98,98,98,61,68,53,56,66,42,6,2,11
461847,71,71,,100,100,,100,100,,0,0,
462354,79,75,83,34,44,28,31,40,25,3,4,3
463056,86,88,85,22,27,19,22,26,19,0,0,0
464226,40,40,40,39,36,43,37,35,41,2,2,2
466921,83,100,80,100,100,100,80,100,75,20,0,25
466930,96,100,95,75,60,77,52,40,54,23,20,23
475608,92,91,92,82,80,83,77,70,83,5,10,0
475705,80,75,82,38,50,33,38,50,33,0,0,0
475732,96,100,96,68,67,68,40,33,41,28,33,27
475741,100,100,100,100,100,100,33,0,50,67,100,50
476601,100,100,,100,100,,100,100,,0,0,
476683,60,60,60,33,33,33,33,33,33,0,0,0
476692,71,71,,67,67,,67,67,,0,0,
476939,61,44,64,100,100,100,100,100,100,0,0,0
476975,93,91,94,82,81,84,14,12,15,68,69,68
477233,71,68,73,47,66,37,47,66,37,0,0,0
479956,80,83,79,47,49,46,28,28,28,19,21,18
479992,100,100,100,50,100,0,0,0,0,50,100,0
480198,67,62,70,4,5,3,1,2,0,3,4,3
480569,44,42,46,38,30,43,20,13,25,18,17,19
480781,66,69,54,58,61,43,55,58,43,3,3,0
480985,60,,60,67,,67,67,,67,0,,0
481137,58,63,50,100,100,100,100,100,100,0,0,0
481225,100,100,100,75,75,75,63,50,75,13,25,0
481410,36,36,,80,80,,80,80,,0,0,
481438,100,100,,87,87,,87,87,,0,0,
481456,86,100,83,94,100,93,33,0,40,61,100,53
482149,89,91,89,23,27,21,23,27,21,0,0,0
482158,100,100,100,34,38,31,29,34,26,5,5,5
482185,65,65,66,52,52,53,52,52,53,0,0,0
482228,100,100,100,100,100,100,55,40,67,45,60,33
482413,100,100,100,80,100,75,40,0,50,40,100,25
482431,43,45,42,83,80,85,49,48,49,34,32,36
482459,100,100,,100,100,,100,100,,0,0,
482468,81,100,57,92,89,100,77,67,100,15,22,0
482477,43,42,44,83,81,84,40,39,41,43,42,43
482556,100,100,100,100,100,100,100,100,100,0,0,0
482574,89,75,100,100,100,100,63,67,60,38,33,40
482635,0,,0,,,,,,,,,
482653,100,100,,100,100,,100,100,,0,0,
482680,72,73,72,47,48,45,43,45,42,3,3,3
482936,56,58,54,28,31,19,27,30,18,1,1,1
483018,82,68,95,17,16,18,17,16,18,0,0,0
483036,100,100,100,79,80,78,15,20,11,64,60,67
483124,64,60,66,57,54,59,0,0,0,57,54,59
483780,11,15,7,100,100,100,100,100,100,0,0,0
483814,22,15,23,100,100,100,100,100,100,0,0,0
483948,100,100,,100,100,,100,100,,0,0,
484473,64,67,62,89,89,89,79,81,77,10,8,12
484844,4,3,4,56,57,57,56,57,57,0,0,0
484905,94,93,94,13,13,13,11,12,11,1,1,2
485360,100,,100,100,,100,100,,100,0,,0
485698,62,62,62,100,100,100,100,100,100,0,0,0
485856,100,100,100,50,100,0,50,100,0,0,0,0
485999,65,65,,97,97,,97,97,,0,0,
486017,100,100,,80,80,,80,80,,0,0,
486026,87,87,,98,98,,98,98,,0,0,
486196,52,52,,98,98,,98,98,,0,0,
486202,100,,100,100,,100,100,,100,0,,0
486284,94,90,96,20,14,23,20,14,23,0,0,0
486424,64,60,66,56,40,61,49,40,52,7,0,9
486488,100,100,100,100,100,100,50,100,0,50,0,100
486512,85,89,81,82,90,73,82,90,73,0,0,0
486840,69,69,70,51,56,47,48,52,45,3,4,2
486901,70,69,71,29,33,26,29,33,26,0,0,0
486938,75,100,60,67,33,100,67,33,100,0,0,0
486947,89,67,100,100,100,100,63,50,67,38,50,33
486956,90,100,89,78,0,88,56,0,63,22,0,25
487092,17,20,16,15,15,15,15,15,15,0,0,0
487375,100,100,100,60,50,61,52,50,52,8,0,9
487524,86,80,91,27,25,28,23,23,23,4,1,5
487588,100,100,100,63,67,63,63,67,63,0,0,0
487658,80,80,80,100,100,100,100,100,100,0,0,0
487746,60,60,,100,100,,100,100,,0,0,
487861,65,33,76,39,15,43,39,15,43,0,0,0
487977,100,100,100,35,35,35,34,30,34,0,4,0
488305,100,100,100,52,63,67,48,63,60,3,0,7
488314,42,42,,82,82,,82,82,,0,0,
488350,53,53,,83,83,,83,83,,0,0,
488420,60,67,60,34,25,35,0,0,0,34,25,35
488563,47,45,50,33,20,50,11,20,0,22,0,50
488590,100,100,100,91,100,89,91,100,89,0,0,0
488776,100,100,100,100,100,100,75,83,71,25,17,29
488785,46,41,51,55,52,59,55,52,59,0,0,0
489344,67,,67,100,,100,100,,100,0,,0
489353,60,100,50,67,100,50,67,100,50,0,0,0
489937,34,35,32,64,73,49,59,66,48,5,7,1
490133,45,43,49,53,52,57,52,51,55,1,1,1
490160,77,68,80,58,50,60,58,50,60,0,0,0
490203,82,0,90,100,,100,0,,0,100,,100
490221,58,0,70,100,,100,43,,43,57,,57
490230,73,76,70,79,75,85,79,75,85,0,0,0
490319,75,75,,100,100,,100,100,,0,0,
490382,93,100,92,85,100,82,85,100,82,0,0,0
490498,32,29,38,100,100,100,100,100,100,0,0,0
490504,81,81,,100,100,,100,100,,0,0,
490513,67,67,,71,71,,71,71,,0,0,
490805,71,70,72,26,26,28,26,26,28,1,1,0
491057,75,75,,87,87,,87,87,,0,0,
491190,100,,100,0,,0,0,,0,0,,0
491251,63,48,82,40,52,31,40,52,31,0,0,0
491288,92,100,86,83,67,100,0,0,0,83,67,100
491446,88,,88,77,,77,77,,77,0,,0
491525,87,90,84,93,95,91,47,50,45,46,45,47
491613,100,100,,100,100,,100,100,,0,0,
491622,75,75,,100,100,,100,100,,0,0,
491631,96,,96,94,,94,92,,92,2,,2
491640,95,95,,100,100,,100,100,,0,0,
491710,80,80,,60,60,,60,60,,0,0,
491765,100,100,,100,100,,100,100,,0,0,
491817,43,,43,65,,65,65,,65,0,,0
491914,43,43,,85,85,,85,85,,0,0,
492023,93,80,100,100,100,100,0,0,0,100,100,100
492476,88,75,92,75,78,74,39,44,38,35,33,36
492607,40,50,38,25,100,0,0,0,0,25,100,0
492759,91,,91,90,,90,70,,70,20,,20
493594,38,38,,89,89,,89,89,,0,0,
493619,100,100,100,100,100,100,100,100,100,0,0,0
493646,92,,92,100,,100,100,,100,0,,0
493664,100,100,,100,100,,100,100,,0,0,
493707,95,95,,100,100,,100,100,,0,0,
493716,50,50,,100,100,,100,100,,0,0,
493798,70,,70,85,,85,85,,85,0,,0
493813,100,100,100,100,100,100,96,100,96,4,0,4
494162,100,100,100,38,40,37,25,20,25,13,20,12
494278,85,64,93,81,81,81,51,31,56,30,50,25
494287,66,56,73,77,58,87,56,38,66,21,21,21
494463,93,,93,96,,96,96,,96,0,,0
494542,54,48,70,68,83,43,68,83,43,0,0,0
494603,53,62,33,90,91,83,72,73,66,18,18,17
494685,84,78,90,62,72,52,60,68,52,2,4,0
494807,58,57,59,67,58,69,63,58,64,4,0,5
495031,92,92,,100,100,,100,100,,0,0,
495420,100,100,100,34,0,35,25,0,26,9,0,10
495448,100,100,100,31,56,27,28,33,27,4,22,0
495457,100,100,100,49,50,48,41,38,42,7,13,6
496478,93,93,92,92,96,82,0,0,0,92,96,82
496618,21,34,20,88,58,91,88,58,91,0,0,0
496627,85,94,79,8,9,8,8,9,8,0,0,0
496803,99,99,99,1,1,1,1,1,1,0,0,0
496973,87,83,88,68,60,69,33,40,31,35,20,37
497037,100,100,100,72,77,71,33,36,33,39,41,38
497107,95,67,98,86,100,85,0,0,0,86,100,85
497189,38,100,36,100,100,100,100,100,100,0,0,0
497213,100,100,100,69,67,71,38,33,43,31,33,29
497268,100,100,100,33,43,32,24,43,23,8,0,9
497374,41,18,44,99,83,100,99,83,100,0,0,0
497462,92,88,100,0,0,0,0,0,0,0,0,0
497480,99,100,99,71,44,73,71,44,73,0,0,0
497824,45,29,54,56,100,43,33,0,43,22,100,0
497833,90,88,91,36,39,34,36,39,34,0,0,0
497912,98,100,98,64,50,65,64,50,65,0,0,0
498049,100,100,100,41,20,42,28,0,29,13,20,13
498340,90,56,94,100,100,100,100,100,100,0,0,0
498447,100,100,100,48,43,48,33,43,30,15,0,18
498456,100,,100,100,,100,100,,100,0,,0
498562,95,94,96,33,33,33,33,33,33,0,0,0
498571,94,93,94,28,27,29,26,26,27,2,1,2
499149,91,75,93,68,67,68,42,0,46,26,67,21
499370,100,100,100,40,0,44,37,0,41,3,0,3
499389,100,100,100,32,33,32,24,17,25,8,17,7
499398,100,100,100,40,33,41,25,33,24,15,0,16
499404,100,100,100,19,100,17,8,100,6,10,0,11
